"age";"job";"marital";"education";"default";"housing";"loan";"contact";"month";"day_of_week";"duration";"campaign";"pdays";"previous";"poutcome";"emp.var.rate";"cons.price.idx";"cons.conf.idx";"euribor3m";"nr.employed";"y"
34;"blue-collar";"married";"professional.course";"unknown";"no";"no";"cellular";"may";"wed";65;2;999;1;"failure";-1.8;92.893;-46.2;1.281;5099.1;"no"
59;"retired";"divorced";"professional.course";"no";"yes";"no";"cellular";"may";"wed";281;3;999;0;"nonexistent";-1.8;92.893;-46.2;1.281;5099.1;"no"
56;"blue-collar";"married";"basic.4y";"no";"yes";"yes";"cellular";"may";"wed";80;2;999;0;"nonexistent";-1.8;92.893;-46.2;1.281;5099.1;"no"
36;"services";"married";"basic.9y";"no";"no";"yes";"cellular";"may";"wed";36;2;999;0;"nonexistent";-1.8;92.893;-46.2;1.281;5099.1;"no"
34;"blue-collar";"married";"basic.6y";"no";"yes";"yes";"cellular";"may";"wed";143;2;999;0;"nonexistent";-1.8;92.893;-46.2;1.281;5099.1;"no"
44;"unemployed";"divorced";"basic.9y";"no";"no";"no";"telephone";"may";"wed";259;3;999;0;"nonexistent";-1.8;92.893;-46.2;1.281;5099.1;"no"
24;"blue-collar";"single";"basic.9y";"no";"yes";"no";"cellular";"may";"wed";221;2;999;0;"nonexistent";-1.8;92.893;-46.2;1.281;5099.1;"no"
29;"blue-collar";"married";"high.school";"no";"yes";"no";"cellular";"may";"wed";177;5;999;0;"nonexistent";-1.8;92.893;-46.2;1.281;5099.1;"no"
32;"admin.";"single";"university.degree";"no";"yes";"yes";"cellular";"may";"wed";84;2;999;1;"failure";-1.8;92.893;-46.2;1.281;5099.1;"no"
42;"admin.";"married";"high.school";"no";"no";"no";"cellular";"may";"wed";406;5;999;0;"nonexistent";-1.8;92.893;-46.2;1.281;5099.1;"no"
42;"services";"married";"high.school";"no";"no";"no";"cellular";"may";"wed";185;4;999;0;"nonexistent";-1.8;92.893;-46.2;1.281;5099.1;"no"
38;"self-employed";"married";"basic.9y";"no";"yes";"no";"cellular";"may";"wed";155;2;999;1;"failure";-1.8;92.893;-46.2;1.281;5099.1;"no"
33;"blue-collar";"married";"basic.9y";"unknown";"no";"yes";"cellular";"may";"wed";190;3;999;0;"nonexistent";-1.8;92.893;-46.2;1.281;5099.1;"no"
27;"blue-collar";"married";"basic.9y";"no";"yes";"no";"cellular";"may";"wed";53;3;999;0;"nonexistent";-1.8;92.893;-46.2;1.281;5099.1;"no"
27;"technician";"single";"professional.course";"no";"no";"no";"telephone";"may";"wed";99;2;999;1;"failure";-1.8;92.893;-46.2;1.281;5099.1;"no"
51;"blue-collar";"married";"basic.4y";"no";"no";"no";"cellular";"may";"wed";254;2;999;1;"failure";-1.8;92.893;-46.2;1.281;5099.1;"no"
42;"technician";"single";"professional.course";"no";"no";"no";"cellular";"may";"wed";531;2;999;0;"nonexistent";-1.8;92.893;-46.2;1.281;5099.1;"yes"
29;"admin.";"single";"basic.9y";"no";"yes";"no";"cellular";"may";"wed";256;3;999;0;"nonexistent";-1.8;92.893;-46.2;1.281;5099.1;"no"
49;"entrepreneur";"married";"basic.4y";"unknown";"yes";"no";"cellular";"may";"wed";217;2;999;0;"nonexistent";-1.8;92.893;-46.2;1.281;5099.1;"no"
48;"blue-collar";"married";"basic.6y";"no";"no";"no";"telephone";"may";"wed";25;4;999;1;"failure";-1.8;92.893;-46.2;1.281;5099.1;"no"
32;"blue-collar";"single";"basic.9y";"no";"no";"no";"cellular";"may";"wed";253;3;999;0;"nonexistent";-1.8;92.893;-46.2;1.281;5099.1;"no"
26;"student";"single";"high.school";"no";"yes";"no";"cellular";"may";"wed";277;2;999;1;"failure";-1.8;92.893;-46.2;1.281;5099.1;"no"
34;"blue-collar";"single";"basic.6y";"no";"yes";"no";"cellular";"may";"wed";125;3;999;0;"nonexistent";-1.8;92.893;-46.2;1.281;5099.1;"no"
32;"services";"single";"high.school";"no";"no";"no";"cellular";"may";"wed";151;2;999;1;"failure";-1.8;92.893;-46.2;1.281;5099.1;"no"
34;"unemployed";"single";"high.school";"no";"no";"no";"telephone";"may";"wed";127;8;999;0;"nonexistent";-1.8;92.893;-46.2;1.281;5099.1;"no"
36;"admin.";"married";"university.degree";"no";"no";"no";"cellular";"may";"wed";449;6;999;0;"nonexistent";-1.8;92.893;-46.2;1.281;5099.1;"no"
57;"blue-collar";"married";"basic.6y";"unknown";"no";"no";"cellular";"may";"wed";97;5;999;0;"nonexistent";-1.8;92.893;-46.2;1.281;5099.1;"no"
42;"blue-collar";"divorced";"basic.6y";"no";"yes";"no";"cellular";"may";"wed";16;2;999;0;"nonexistent";-1.8;92.893;-46.2;1.281;5099.1;"no"
46;"housemaid";"single";"basic.9y";"unknown";"no";"no";"cellular";"may";"wed";388;2;999;1;"failure";-1.8;92.893;-46.2;1.281;5099.1;"no"
33;"self-employed";"single";"university.degree";"no";"no";"no";"cellular";"may";"wed";134;2;999;0;"nonexistent";-1.8;92.893;-46.2;1.281;5099.1;"no"
39;"blue-collar";"married";"basic.9y";"unknown";"no";"no";"cellular";"may";"wed";265;2;999;0;"nonexistent";-1.8;92.893;-46.2;1.281;5099.1;"no"
40;"technician";"married";"professional.course";"no";"yes";"no";"cellular";"may";"wed";32;5;999;0;"nonexistent";-1.8;92.893;-46.2;1.281;5099.1;"no"
27;"self-employed";"married";"basic.9y";"no";"yes";"no";"cellular";"may";"wed";285;2;999;0;"nonexistent";-1.8;92.893;-46.2;1.281;5099.1;"no"
39;"services";"married";"high.school";"no";"no";"no";"cellular";"may";"wed";383;5;999;0;"nonexistent";-1.8;92.893;-46.2;1.281;5099.1;"no"
27;"blue-collar";"single";"basic.4y";"no";"yes";"no";"telephone";"may";"wed";179;3;999;0;"nonexistent";-1.8;92.893;-46.2;1.281;5099.1;"no"
29;"admin.";"single";"university.degree";"no";"yes";"no";"telephone";"may";"wed";51;3;999;0;"nonexistent";-1.8;92.893;-46.2;1.281;5099.1;"no"
33;"technician";"single";"high.school";"no";"yes";"no";"cellular";"may";"wed";446;3;999;0;"nonexistent";-1.8;92.893;-46.2;1.281;5099.1;"no"
34;"management";"single";"university.degree";"no";"no";"yes";"cellular";"may";"wed";136;5;999;0;"nonexistent";-1.8;92.893;-46.2;1.281;5099.1;"no"
32;"blue-collar";"single";"high.school";"unknown";"yes";"no";"cellular";"may";"wed";420;3;999;0;"nonexistent";-1.8;92.893;-46.2;1.281;5099.1;"no"
53;"retired";"married";"basic.9y";"no";"no";"no";"cellular";"may";"wed";133;4;999;0;"nonexistent";-1.8;92.893;-46.2;1.281;5099.1;"no"
21;"student";"single";"high.school";"no";"no";"no";"cellular";"may";"wed";513;3;999;1;"failure";-1.8;92.893;-46.2;1.281;5099.1;"no"
36;"technician";"single";"professional.course";"no";"yes";"no";"cellular";"may";"wed";225;2;999;1;"failure";-1.8;92.893;-46.2;1.281;5099.1;"no"
32;"blue-collar";"single";"high.school";"no";"no";"yes";"cellular";"may";"wed";204;3;999;0;"nonexistent";-1.8;92.893;-46.2;1.281;5099.1;"no"
29;"services";"single";"high.school";"no";"yes";"no";"cellular";"may";"wed";240;3;999;1;"failure";-1.8;92.893;-46.2;1.281;5099.1;"no"
28;"blue-collar";"married";"basic.4y";"no";"no";"yes";"cellular";"may";"wed";135;2;999;1;"failure";-1.8;92.893;-46.2;1.281;5099.1;"no"
33;"admin.";"single";"basic.9y";"no";"no";"no";"cellular";"may";"wed";245;4;999;0;"nonexistent";-1.8;92.893;-46.2;1.281;5099.1;"no"
27;"admin.";"married";"high.school";"no";"yes";"no";"cellular";"may";"wed";119;3;999;0;"nonexistent";-1.8;92.893;-46.2;1.281;5099.1;"no"
31;"blue-collar";"married";"basic.6y";"no";"yes";"no";"cellular";"may";"wed";1279;3;999;0;"nonexistent";-1.8;92.893;-46.2;1.281;5099.1;"yes"
44;"admin.";"divorced";"professional.course";"no";"no";"yes";"telephone";"may";"wed";38;3;999;0;"nonexistent";-1.8;92.893;-46.2;1.281;5099.1;"no"
33;"blue-collar";"single";"basic.9y";"no";"no";"yes";"cellular";"may";"wed";331;3;999;0;"nonexistent";-1.8;92.893;-46.2;1.281;5099.1;"no"
49;"unemployed";"married";"basic.4y";"unknown";"no";"no";"cellular";"may";"wed";771;2;999;0;"nonexistent";-1.8;92.893;-46.2;1.281;5099.1;"no"
49;"entrepreneur";"married";"basic.4y";"unknown";"yes";"no";"cellular";"may";"wed";491;2;999;0;"nonexistent";-1.8;92.893;-46.2;1.281;5099.1;"no"
38;"housemaid";"divorced";"university.degree";"no";"yes";"no";"cellular";"may";"wed";873;3;999;1;"failure";-1.8;92.893;-46.2;1.281;5099.1;"yes"
51;"blue-collar";"married";"basic.4y";"no";"yes";"no";"cellular";"may";"wed";440;2;999;0;"nonexistent";-1.8;92.893;-46.2;1.281;5099.1;"yes"
36;"services";"divorced";"high.school";"no";"no";"yes";"telephone";"may";"wed";992;5;999;0;"nonexistent";-1.8;92.893;-46.2;1.281;5099.1;"no"
58;"housemaid";"married";"basic.4y";"no";"no";"no";"telephone";"may";"wed";689;2;999;0;"nonexistent";-1.8;92.893;-46.2;1.281;5099.1;"yes"
29;"admin.";"single";"high.school";"no";"yes";"no";"cellular";"may";"wed";443;7;999;1;"failure";-1.8;92.893;-46.2;1.281;5099.1;"yes"
37;"admin.";"divorced";"university.degree";"unknown";"yes";"no";"cellular";"may";"wed";302;4;999;0;"nonexistent";-1.8;92.893;-46.2;1.281;5099.1;"no"
32;"technician";"single";"university.degree";"no";"yes";"no";"cellular";"may";"wed";75;4;999;0;"nonexistent";-1.8;92.893;-46.2;1.281;5099.1;"no"
34;"admin.";"married";"university.degree";"no";"no";"yes";"cellular";"may";"wed";72;4;999;1;"failure";-1.8;92.893;-46.2;1.281;5099.1;"no"
33;"blue-collar";"single";"basic.9y";"no";"no";"yes";"telephone";"may";"wed";418;5;999;0;"nonexistent";-1.8;92.893;-46.2;1.281;5099.1;"no"
43;"blue-collar";"married";"basic.9y";"no";"yes";"no";"cellular";"may";"wed";324;3;999;0;"nonexistent";-1.8;92.893;-46.2;1.281;5099.1;"no"
27;"admin.";"divorced";"high.school";"no";"no";"no";"cellular";"may";"wed";69;11;999;0;"nonexistent";-1.8;92.893;-46.2;1.281;5099.1;"no"
38;"self-employed";"married";"basic.9y";"no";"no";"no";"cellular";"may";"wed";1130;2;999;0;"nonexistent";-1.8;92.893;-46.2;1.281;5099.1;"yes"
52;"admin.";"married";"university.degree";"no";"no";"no";"cellular";"may";"wed";429;3;999;1;"failure";-1.8;92.893;-46.2;1.281;5099.1;"yes"
34;"blue-collar";"married";"high.school";"no";"yes";"no";"cellular";"may";"wed";96;2;999;0;"nonexistent";-1.8;92.893;-46.2;1.281;5099.1;"no"
34;"blue-collar";"married";"basic.9y";"no";"yes";"no";"cellular";"may";"wed";310;2;999;0;"nonexistent";-1.8;92.893;-46.2;1.281;5099.1;"no"
35;"admin.";"single";"university.degree";"no";"no";"no";"cellular";"may";"wed";149;6;999;0;"nonexistent";-1.8;92.893;-46.2;1.281;5099.1;"no"
28;"student";"single";"high.school";"no";"no";"no";"cellular";"may";"wed";182;4;999;0;"nonexistent";-1.8;92.893;-46.2;1.281;5099.1;"no"
33;"blue-collar";"married";"basic.9y";"unknown";"no";"no";"cellular";"may";"wed";1309;2;999;0;"nonexistent";-1.8;92.893;-46.2;1.281;5099.1;"no"
29;"blue-collar";"single";"basic.9y";"no";"no";"no";"cellular";"may";"wed";364;2;999;1;"failure";-1.8;92.893;-46.2;1.281;5099.1;"no"
32;"management";"married";"university.degree";"no";"yes";"yes";"cellular";"may";"wed";36;9;999;1;"failure";-1.8;92.893;-46.2;1.281;5099.1;"no"
29;"blue-collar";"married";"basic.9y";"unknown";"yes";"no";"telephone";"may";"wed";337;2;999;0;"nonexistent";-1.8;92.893;-46.2;1.281;5099.1;"no"
46;"blue-collar";"divorced";"basic.9y";"no";"no";"no";"cellular";"may";"wed";426;3;999;0;"nonexistent";-1.8;92.893;-46.2;1.281;5099.1;"no"
45;"services";"married";"high.school";"unknown";"yes";"no";"cellular";"may";"wed";25;7;999;0;"nonexistent";-1.8;92.893;-46.2;1.281;5099.1;"no"
27;"admin.";"single";"high.school";"no";"yes";"yes";"cellular";"may";"wed";196;3;999;1;"failure";-1.8;92.893;-46.2;1.281;5099.1;"no"
29;"admin.";"married";"university.degree";"no";"yes";"no";"cellular";"may";"wed";126;2;999;1;"failure";-1.8;92.893;-46.2;1.281;5099.1;"no"
25;"blue-collar";"married";"basic.9y";"no";"no";"no";"cellular";"may";"wed";201;3;999;0;"nonexistent";-1.8;92.893;-46.2;1.281;5099.1;"no"
42;"blue-collar";"divorced";"basic.9y";"no";"no";"yes";"cellular";"may";"wed";300;5;999;1;"failure";-1.8;92.893;-46.2;1.281;5099.1;"no"
32;"blue-collar";"married";"basic.6y";"unknown";"no";"no";"telephone";"may";"wed";630;3;999;1;"failure";-1.8;92.893;-46.2;1.281;5099.1;"no"
31;"blue-collar";"single";"basic.9y";"no";"no";"no";"telephone";"may";"wed";48;4;999;1;"failure";-1.8;92.893;-46.2;1.281;5099.1;"no"
29;"blue-collar";"married";"basic.9y";"no";"no";"no";"cellular";"may";"wed";189;3;999;0;"nonexistent";-1.8;92.893;-46.2;1.281;5099.1;"no"
30;"blue-collar";"single";"basic.9y";"no";"no";"no";"cellular";"may";"wed";305;8;999;0;"nonexistent";-1.8;92.893;-46.2;1.281;5099.1;"no"
27;"admin.";"married";"professional.course";"no";"no";"no";"cellular";"may";"thu";68;3;999;0;"nonexistent";-1.8;92.893;-46.2;1.266;5099.1;"no"
29;"blue-collar";"married";"basic.6y";"no";"no";"no";"cellular";"may";"thu";65;3;999;0;"nonexistent";-1.8;92.893;-46.2;1.266;5099.1;"no"
26;"blue-collar";"single";"basic.9y";"unknown";"yes";"no";"cellular";"may";"thu";115;3;999;0;"nonexistent";-1.8;92.893;-46.2;1.266;5099.1;"no"
32;"blue-collar";"single";"basic.9y";"no";"no";"no";"cellular";"may";"thu";247;2;999;0;"nonexistent";-1.8;92.893;-46.2;1.266;5099.1;"no"
29;"services";"single";"high.school";"no";"yes";"no";"cellular";"may";"thu";164;3;999;0;"nonexistent";-1.8;92.893;-46.2;1.266;5099.1;"no"
28;"technician";"single";"university.degree";"no";"yes";"yes";"cellular";"may";"thu";178;2;999;1;"failure";-1.8;92.893;-46.2;1.266;5099.1;"no"
35;"technician";"single";"professional.course";"no";"no";"no";"telephone";"may";"thu";19;7;999;0;"nonexistent";-1.8;92.893;-46.2;1.266;5099.1;"no"
23;"housemaid";"single";"basic.4y";"no";"no";"yes";"cellular";"may";"thu";9;6;999;0;"nonexistent";-1.8;92.893;-46.2;1.266;5099.1;"no"
48;"services";"single";"basic.4y";"unknown";"yes";"no";"cellular";"may";"thu";24;7;999;1;"failure";-1.8;92.893;-46.2;1.266;5099.1;"no"
31;"management";"single";"university.degree";"no";"yes";"no";"cellular";"may";"thu";165;2;999;0;"nonexistent";-1.8;92.893;-46.2;1.266;5099.1;"no"
29;"admin.";"single";"high.school";"no";"no";"no";"cellular";"may";"thu";14;7;999;0;"nonexistent";-1.8;92.893;-46.2;1.266;5099.1;"no"
29;"admin.";"single";"high.school";"no";"yes";"no";"telephone";"may";"thu";36;6;999;0;"nonexistent";-1.8;92.893;-46.2;1.266;5099.1;"no"
59;"admin.";"divorced";"basic.9y";"no";"yes";"no";"cellular";"may";"thu";8;6;999;1;"failure";-1.8;92.893;-46.2;1.266;5099.1;"no"
48;"blue-collar";"married";"basic.4y";"unknown";"yes";"no";"cellular";"may";"thu";33;3;999;0;"nonexistent";-1.8;92.893;-46.2;1.266;5099.1;"no"
38;"blue-collar";"single";"basic.4y";"no";"no";"no";"cellular";"may";"thu";121;2;999;0;"nonexistent";-1.8;92.893;-46.2;1.266;5099.1;"no"
24;"management";"married";"university.degree";"no";"yes";"no";"telephone";"may";"thu";921;4;999;0;"nonexistent";-1.8;92.893;-46.2;1.266;5099.1;"no"
37;"services";"married";"high.school";"no";"yes";"yes";"cellular";"may";"thu";436;3;999;0;"nonexistent";-1.8;92.893;-46.2;1.266;5099.1;"no"
33;"blue-collar";"married";"professional.course";"no";"no";"no";"cellular";"may";"thu";119;2;999;1;"failure";-1.8;92.893;-46.2;1.266;5099.1;"no"
31;"technician";"single";"basic.9y";"no";"yes";"no";"telephone";"may";"thu";13;5;999;0;"nonexistent";-1.8;92.893;-46.2;1.266;5099.1;"no"
26;"self-employed";"married";"high.school";"no";"yes";"yes";"cellular";"may";"thu";181;5;999;0;"nonexistent";-1.8;92.893;-46.2;1.266;5099.1;"no"
30;"technician";"married";"basic.9y";"no";"yes";"no";"telephone";"may";"thu";7;7;999;0;"nonexistent";-1.8;92.893;-46.2;1.266;5099.1;"no"
29;"blue-collar";"married";"basic.6y";"no";"no";"no";"cellular";"may";"thu";16;7;999;0;"nonexistent";-1.8;92.893;-46.2;1.266;5099.1;"no"
31;"technician";"single";"university.degree";"no";"yes";"no";"cellular";"may";"thu";259;4;999;0;"nonexistent";-1.8;92.893;-46.2;1.266;5099.1;"no"
38;"blue-collar";"married";"basic.4y";"no";"no";"no";"cellular";"may";"thu";102;3;999;0;"nonexistent";-1.8;92.893;-46.2;1.266;5099.1;"no"
36;"admin.";"single";"university.degree";"no";"yes";"no";"cellular";"may";"thu";19;8;999;1;"failure";-1.8;92.893;-46.2;1.266;5099.1;"no"
36;"blue-collar";"married";"basic.9y";"no";"yes";"no";"cellular";"may";"thu";113;2;999;0;"nonexistent";-1.8;92.893;-46.2;1.266;5099.1;"no"
38;"blue-collar";"married";"high.school";"unknown";"yes";"no";"cellular";"may";"thu";152;2;999;0;"nonexistent";-1.8;92.893;-46.2;1.266;5099.1;"no"
47;"blue-collar";"married";"basic.4y";"unknown";"no";"no";"cellular";"may";"thu";14;3;999;0;"nonexistent";-1.8;92.893;-46.2;1.266;5099.1;"no"
28;"student";"single";"high.school";"no";"yes";"no";"cellular";"may";"thu";21;8;999;0;"nonexistent";-1.8;92.893;-46.2;1.266;5099.1;"no"
33;"admin.";"single";"university.degree";"no";"no";"no";"cellular";"may";"thu";17;5;999;0;"nonexistent";-1.8;92.893;-46.2;1.266;5099.1;"no"
33;"blue-collar";"divorced";"basic.9y";"no";"no";"yes";"telephone";"may";"thu";18;6;999;1;"failure";-1.8;92.893;-46.2;1.266;5099.1;"no"
24;"blue-collar";"single";"basic.9y";"unknown";"yes";"yes";"cellular";"may";"thu";17;7;999;0;"nonexistent";-1.8;92.893;-46.2;1.266;5099.1;"no"
38;"services";"married";"high.school";"unknown";"yes";"no";"cellular";"may";"thu";13;7;999;0;"nonexistent";-1.8;92.893;-46.2;1.266;5099.1;"no"
24;"technician";"married";"professional.course";"no";"yes";"no";"cellular";"may";"thu";99;4;999;0;"nonexistent";-1.8;92.893;-46.2;1.266;5099.1;"no"
30;"services";"single";"high.school";"no";"unknown";"unknown";"cellular";"may";"thu";11;15;999;1;"failure";-1.8;92.893;-46.2;1.266;5099.1;"no"
26;"admin.";"single";"high.school";"no";"yes";"no";"cellular";"may";"thu";24;2;999;0;"nonexistent";-1.8;92.893;-46.2;1.266;5099.1;"no"
36;"technician";"married";"university.degree";"no";"yes";"no";"cellular";"may";"thu";164;1;999;0;"nonexistent";-1.8;92.893;-46.2;1.266;5099.1;"no"
32;"services";"single";"basic.9y";"no";"yes";"no";"cellular";"may";"thu";78;1;999;1;"failure";-1.8;92.893;-46.2;1.266;5099.1;"no"
30;"admin.";"single";"high.school";"no";"yes";"no";"cellular";"may";"thu";29;8;999;1;"failure";-1.8;92.893;-46.2;1.266;5099.1;"no"
22;"student";"single";"high.school";"no";"yes";"no";"telephone";"may";"thu";9;6;999;0;"nonexistent";-1.8;92.893;-46.2;1.266;5099.1;"no"
27;"blue-collar";"married";"professional.course";"no";"yes";"no";"cellular";"may";"thu";465;3;999;0;"nonexistent";-1.8;92.893;-46.2;1.266;5099.1;"no"
35;"blue-collar";"married";"basic.6y";"unknown";"yes";"yes";"cellular";"may";"thu";263;1;999;1;"failure";-1.8;92.893;-46.2;1.266;5099.1;"no"
27;"admin.";"single";"university.degree";"no";"no";"no";"cellular";"may";"thu";94;1;999;0;"nonexistent";-1.8;92.893;-46.2;1.266;5099.1;"no"
43;"blue-collar";"married";"basic.4y";"no";"no";"yes";"cellular";"may";"thu";722;2;11;1;"success";-1.8;92.893;-46.2;1.266;5099.1;"yes"
33;"admin.";"married";"professional.course";"no";"no";"yes";"cellular";"may";"thu";178;8;999;1;"failure";-1.8;92.893;-46.2;1.266;5099.1;"no"
34;"blue-collar";"divorced";"basic.9y";"unknown";"yes";"no";"cellular";"may";"thu";6;6;999;1;"failure";-1.8;92.893;-46.2;1.266;5099.1;"no"
30;"technician";"married";"basic.6y";"no";"no";"no";"cellular";"may";"thu";25;1;999;0;"nonexistent";-1.8;92.893;-46.2;1.266;5099.1;"no"
31;"services";"married";"high.school";"no";"yes";"no";"cellular";"may";"thu";348;1;999;0;"nonexistent";-1.8;92.893;-46.2;1.266;5099.1;"no"
34;"technician";"married";"professional.course";"no";"yes";"no";"cellular";"may";"thu";30;1;999;1;"failure";-1.8;92.893;-46.2;1.266;5099.1;"no"
48;"management";"divorced";"university.degree";"unknown";"no";"no";"cellular";"may";"thu";33;6;999;0;"nonexistent";-1.8;92.893;-46.2;1.266;5099.1;"no"
31;"blue-collar";"married";"basic.9y";"no";"yes";"no";"cellular";"may";"thu";222;1;999;0;"nonexistent";-1.8;92.893;-46.2;1.266;5099.1;"no"
31;"admin.";"single";"high.school";"no";"no";"no";"cellular";"may";"thu";325;1;999;1;"failure";-1.8;92.893;-46.2;1.266;5099.1;"no"
43;"services";"married";"high.school";"unknown";"yes";"no";"cellular";"may";"thu";974;2;999;0;"nonexistent";-1.8;92.893;-46.2;1.266;5099.1;"yes"
23;"self-employed";"single";"basic.9y";"no";"no";"no";"cellular";"may";"thu";254;11;999;0;"nonexistent";-1.8;92.893;-46.2;1.266;5099.1;"no"
31;"admin.";"married";"university.degree";"unknown";"no";"no";"cellular";"may";"thu";344;4;999;0;"nonexistent";-1.8;92.893;-46.2;1.266;5099.1;"no"
24;"blue-collar";"single";"basic.9y";"no";"no";"no";"cellular";"may";"thu";925;1;999;0;"nonexistent";-1.8;92.893;-46.2;1.266;5099.1;"no"
33;"blue-collar";"married";"basic.6y";"no";"no";"no";"cellular";"may";"thu";467;1;999;0;"nonexistent";-1.8;92.893;-46.2;1.266;5099.1;"yes"
27;"entrepreneur";"divorced";"university.degree";"unknown";"no";"no";"telephone";"may";"thu";9;5;999;1;"failure";-1.8;92.893;-46.2;1.266;5099.1;"no"
30;"blue-collar";"married";"basic.9y";"no";"yes";"no";"cellular";"may";"thu";15;11;999;1;"failure";-1.8;92.893;-46.2;1.266;5099.1;"no"
29;"blue-collar";"married";"basic.9y";"unknown";"no";"no";"cellular";"may";"thu";12;8;999;0;"nonexistent";-1.8;92.893;-46.2;1.266;5099.1;"no"
20;"blue-collar";"single";"basic.9y";"unknown";"yes";"no";"cellular";"may";"thu";42;7;999;0;"nonexistent";-1.8;92.893;-46.2;1.266;5099.1;"no"
39;"services";"divorced";"high.school";"no";"no";"no";"cellular";"may";"thu";186;1;999;0;"nonexistent";-1.8;92.893;-46.2;1.266;5099.1;"no"
40;"technician";"married";"professional.course";"no";"yes";"no";"cellular";"may";"thu";580;1;999;1;"failure";-1.8;92.893;-46.2;1.266;5099.1;"no"
26;"blue-collar";"single";"basic.9y";"no";"yes";"no";"cellular";"may";"thu";40;1;999;0;"nonexistent";-1.8;92.893;-46.2;1.266;5099.1;"no"
35;"services";"single";"high.school";"no";"no";"no";"cellular";"may";"thu";350;1;999;0;"nonexistent";-1.8;92.893;-46.2;1.266;5099.1;"no"
23;"blue-collar";"married";"basic.4y";"no";"no";"no";"cellular";"may";"thu";720;1;999;1;"failure";-1.8;92.893;-46.2;1.266;5099.1;"no"
38;"blue-collar";"married";"basic.4y";"no";"unknown";"unknown";"cellular";"may";"thu";141;1;999;0;"nonexistent";-1.8;92.893;-46.2;1.266;5099.1;"no"
34;"management";"married";"university.degree";"no";"no";"no";"cellular";"may";"thu";11;8;999;0;"nonexistent";-1.8;92.893;-46.2;1.266;5099.1;"no"
29;"services";"single";"high.school";"no";"yes";"yes";"cellular";"may";"thu";10;10;999;0;"nonexistent";-1.8;92.893;-46.2;1.266;5099.1;"no"
44;"services";"divorced";"high.school";"no";"yes";"no";"cellular";"may";"thu";533;1;999;0;"nonexistent";-1.8;92.893;-46.2;1.266;5099.1;"yes"
45;"self-employed";"married";"high.school";"no";"yes";"no";"cellular";"may";"thu";21;2;999;0;"nonexistent";-1.8;92.893;-46.2;1.266;5099.1;"no"
31;"management";"single";"university.degree";"no";"yes";"yes";"cellular";"may";"thu";146;3;999;0;"nonexistent";-1.8;92.893;-46.2;1.266;5099.1;"no"
28;"services";"married";"high.school";"no";"yes";"yes";"cellular";"may";"thu";189;1;999;1;"failure";-1.8;92.893;-46.2;1.266;5099.1;"no"
38;"blue-collar";"married";"basic.4y";"no";"yes";"yes";"cellular";"may";"thu";365;1;999;1;"failure";-1.8;92.893;-46.2;1.266;5099.1;"no"
29;"blue-collar";"married";"basic.9y";"no";"no";"no";"cellular";"may";"thu";91;1;999;0;"nonexistent";-1.8;92.893;-46.2;1.266;5099.1;"no"
26;"management";"married";"university.degree";"no";"no";"no";"cellular";"may";"thu";84;4;999;0;"nonexistent";-1.8;92.893;-46.2;1.266;5099.1;"no"
33;"blue-collar";"single";"high.school";"no";"yes";"yes";"telephone";"may";"thu";22;6;999;0;"nonexistent";-1.8;92.893;-46.2;1.266;5099.1;"no"
28;"blue-collar";"single";"basic.4y";"no";"no";"no";"cellular";"may";"thu";166;1;999;0;"nonexistent";-1.8;92.893;-46.2;1.266;5099.1;"no"
28;"blue-collar";"single";"basic.4y";"no";"yes";"no";"cellular";"may";"thu";182;1;999;0;"nonexistent";-1.8;92.893;-46.2;1.266;5099.1;"no"
23;"admin.";"single";"high.school";"no";"yes";"no";"cellular";"may";"thu";638;1;6;1;"success";-1.8;92.893;-46.2;1.266;5099.1;"no"
39;"blue-collar";"divorced";"basic.9y";"unknown";"no";"no";"cellular";"may";"thu";46;1;999;0;"nonexistent";-1.8;92.893;-46.2;1.266;5099.1;"no"
39;"blue-collar";"divorced";"basic.9y";"unknown";"yes";"no";"cellular";"may";"thu";127;1;999;0;"nonexistent";-1.8;92.893;-46.2;1.266;5099.1;"no"
26;"student";"single";"unknown";"no";"yes";"yes";"cellular";"may";"thu";306;1;999;0;"nonexistent";-1.8;92.893;-46.2;1.266;5099.1;"no"
36;"blue-collar";"married";"basic.4y";"no";"yes";"yes";"cellular";"may";"thu";558;1;999;0;"nonexistent";-1.8;92.893;-46.2;1.266;5099.1;"yes"
26;"management";"single";"university.degree";"no";"yes";"yes";"cellular";"may";"thu";161;1;999;1;"failure";-1.8;92.893;-46.2;1.266;5099.1;"no"
26;"management";"single";"university.degree";"no";"yes";"no";"cellular";"may";"thu";119;1;999;1;"failure";-1.8;92.893;-46.2;1.266;5099.1;"no"
28;"entrepreneur";"married";"high.school";"no";"yes";"no";"cellular";"may";"thu";61;6;999;0;"nonexistent";-1.8;92.893;-46.2;1.266;5099.1;"no"
34;"admin.";"married";"high.school";"no";"no";"no";"cellular";"may";"thu";362;1;999;1;"failure";-1.8;92.893;-46.2;1.266;5099.1;"no"
32;"blue-collar";"married";"basic.9y";"no";"yes";"no";"cellular";"may";"thu";83;2;999;0;"nonexistent";-1.8;92.893;-46.2;1.266;5099.1;"no"
30;"blue-collar";"single";"basic.9y";"no";"no";"no";"cellular";"may";"thu";151;2;999;1;"failure";-1.8;92.893;-46.2;1.266;5099.1;"no"
25;"services";"single";"high.school";"no";"no";"no";"cellular";"may";"thu";566;1;999;1;"failure";-1.8;92.893;-46.2;1.266;5099.1;"no"
29;"technician";"single";"basic.9y";"no";"no";"no";"cellular";"may";"thu";141;1;999;0;"nonexistent";-1.8;92.893;-46.2;1.266;5099.1;"no"
50;"self-employed";"married";"basic.9y";"unknown";"no";"no";"cellular";"may";"thu";291;1;999;0;"nonexistent";-1.8;92.893;-46.2;1.266;5099.1;"no"
50;"self-employed";"married";"basic.9y";"unknown";"no";"no";"cellular";"may";"thu";287;1;999;0;"nonexistent";-1.8;92.893;-46.2;1.266;5099.1;"no"
30;"technician";"married";"basic.9y";"no";"no";"no";"cellular";"may";"thu";64;2;999;0;"nonexistent";-1.8;92.893;-46.2;1.266;5099.1;"no"
27;"admin.";"married";"high.school";"no";"no";"no";"cellular";"may";"thu";244;1;999;1;"failure";-1.8;92.893;-46.2;1.266;5099.1;"no"
26;"management";"single";"university.degree";"no";"yes";"no";"cellular";"may";"thu";667;1;999;0;"nonexistent";-1.8;92.893;-46.2;1.266;5099.1;"yes"
26;"admin.";"single";"high.school";"unknown";"no";"no";"cellular";"may";"thu";136;3;999;0;"nonexistent";-1.8;92.893;-46.2;1.266;5099.1;"no"
26;"management";"single";"university.degree";"no";"no";"no";"cellular";"may";"thu";715;1;999;0;"nonexistent";-1.8;92.893;-46.2;1.266;5099.1;"yes"
40;"admin.";"divorced";"high.school";"no";"yes";"no";"cellular";"may";"thu";123;1;999;0;"nonexistent";-1.8;92.893;-46.2;1.266;5099.1;"no"
33;"blue-collar";"married";"basic.9y";"no";"yes";"no";"telephone";"may";"thu";16;5;999;0;"nonexistent";-1.8;92.893;-46.2;1.266;5099.1;"no"
44;"admin.";"married";"basic.9y";"unknown";"yes";"yes";"cellular";"may";"thu";414;1;999;1;"failure";-1.8;92.893;-46.2;1.266;5099.1;"no"
33;"services";"single";"high.school";"no";"yes";"no";"cellular";"may";"thu";201;1;999;1;"failure";-1.8;92.893;-46.2;1.266;5099.1;"no"
31;"admin.";"single";"high.school";"no";"yes";"no";"cellular";"may";"thu";212;1;999;0;"nonexistent";-1.8;92.893;-46.2;1.266;5099.1;"no"
48;"management";"divorced";"university.degree";"unknown";"no";"no";"cellular";"may";"thu";86;2;999;1;"failure";-1.8;92.893;-46.2;1.266;5099.1;"no"
40;"blue-collar";"married";"basic.9y";"no";"yes";"no";"cellular";"may";"thu";317;1;999;1;"failure";-1.8;92.893;-46.2;1.266;5099.1;"no"
31;"admin.";"divorced";"high.school";"no";"no";"no";"cellular";"may";"thu";145;1;999;0;"nonexistent";-1.8;92.893;-46.2;1.266;5099.1;"no"
38;"services";"married";"high.school";"no";"yes";"no";"cellular";"may";"thu";532;1;999;1;"failure";-1.8;92.893;-46.2;1.266;5099.1;"no"
29;"technician";"single";"professional.course";"no";"no";"no";"cellular";"may";"thu";248;1;999;0;"nonexistent";-1.8;92.893;-46.2;1.266;5099.1;"no"
54;"blue-collar";"married";"basic.9y";"no";"no";"yes";"cellular";"may";"thu";158;1;999;0;"nonexistent";-1.8;92.893;-46.2;1.266;5099.1;"no"
42;"blue-collar";"married";"basic.9y";"no";"no";"yes";"cellular";"may";"thu";141;1;999;0;"nonexistent";-1.8;92.893;-46.2;1.266;5099.1;"no"
42;"blue-collar";"married";"basic.9y";"no";"no";"no";"cellular";"may";"thu";190;1;999;0;"nonexistent";-1.8;92.893;-46.2;1.266;5099.1;"no"
32;"self-employed";"single";"professional.course";"unknown";"yes";"no";"cellular";"may";"thu";161;3;999;0;"nonexistent";-1.8;92.893;-46.2;1.266;5099.1;"no"
22;"blue-collar";"married";"basic.9y";"no";"yes";"no";"cellular";"may";"thu";23;1;999;0;"nonexistent";-1.8;92.893;-46.2;1.266;5099.1;"no"
42;"blue-collar";"married";"basic.9y";"no";"no";"no";"telephone";"may";"thu";276;1;999;0;"nonexistent";-1.8;92.893;-46.2;1.266;5099.1;"no"
29;"technician";"single";"professional.course";"no";"no";"no";"telephone";"may";"thu";7;7;999;0;"nonexistent";-1.8;92.893;-46.2;1.266;5099.1;"no"
27;"admin.";"married";"high.school";"no";"yes";"yes";"cellular";"may";"thu";201;1;999;0;"nonexistent";-1.8;92.893;-46.2;1.266;5099.1;"no"
29;"technician";"single";"basic.9y";"no";"no";"no";"cellular";"may";"thu";20;1;999;0;"nonexistent";-1.8;92.893;-46.2;1.266;5099.1;"no"
24;"blue-collar";"single";"basic.9y";"no";"no";"yes";"cellular";"may";"thu";51;1;999;1;"failure";-1.8;92.893;-46.2;1.266;5099.1;"no"
40;"blue-collar";"divorced";"basic.9y";"unknown";"no";"no";"cellular";"may";"thu";467;6;999;0;"nonexistent";-1.8;92.893;-46.2;1.266;5099.1;"no"
27;"services";"single";"high.school";"no";"no";"yes";"cellular";"may";"thu";603;1;999;0;"nonexistent";-1.8;92.893;-46.2;1.266;5099.1;"no"
27;"blue-collar";"single";"basic.6y";"unknown";"yes";"no";"cellular";"may";"thu";9;1;999;0;"nonexistent";-1.8;92.893;-46.2;1.266;5099.1;"no"
27;"blue-collar";"married";"basic.9y";"no";"no";"no";"cellular";"may";"thu";283;1;999;0;"nonexistent";-1.8;92.893;-46.2;1.266;5099.1;"no"
22;"blue-collar";"single";"basic.9y";"no";"yes";"no";"cellular";"may";"thu";283;2;999;0;"nonexistent";-1.8;92.893;-46.2;1.266;5099.1;"no"
30;"technician";"married";"professional.course";"no";"yes";"no";"cellular";"may";"thu";341;1;999;0;"nonexistent";-1.8;92.893;-46.2;1.266;5099.1;"no"
27;"admin.";"married";"professional.course";"no";"yes";"no";"cellular";"may";"thu";102;1;999;1;"failure";-1.8;92.893;-46.2;1.266;5099.1;"no"
27;"admin.";"married";"professional.course";"no";"yes";"no";"cellular";"may";"thu";267;1;999;1;"failure";-1.8;92.893;-46.2;1.266;5099.1;"no"
55;"services";"single";"basic.9y";"no";"unknown";"unknown";"cellular";"may";"thu";717;1;999;0;"nonexistent";-1.8;92.893;-46.2;1.266;5099.1;"yes"
27;"admin.";"married";"professional.course";"no";"yes";"no";"cellular";"may";"thu";143;1;999;0;"nonexistent";-1.8;92.893;-46.2;1.266;5099.1;"no"
39;"services";"married";"high.school";"no";"yes";"no";"cellular";"may";"thu";22;8;999;1;"failure";-1.8;92.893;-46.2;1.266;5099.1;"no"
24;"technician";"married";"professional.course";"no";"yes";"yes";"cellular";"may";"thu";428;3;999;0;"nonexistent";-1.8;92.893;-46.2;1.266;5099.1;"no"
34;"blue-collar";"single";"basic.9y";"no";"no";"no";"cellular";"may";"thu";484;3;999;0;"nonexistent";-1.8;92.893;-46.2;1.266;5099.1;"no"
32;"self-employed";"single";"professional.course";"unknown";"no";"no";"cellular";"may";"thu";561;3;999;0;"nonexistent";-1.8;92.893;-46.2;1.266;5099.1;"yes"
32;"management";"single";"university.degree";"no";"yes";"no";"cellular";"may";"thu";149;3;999;0;"nonexistent";-1.8;92.893;-46.2;1.266;5099.1;"no"
27;"admin.";"married";"professional.course";"no";"yes";"no";"cellular";"may";"thu";338;1;999;0;"nonexistent";-1.8;92.893;-46.2;1.266;5099.1;"no"
29;"blue-collar";"married";"basic.9y";"unknown";"yes";"no";"cellular";"may";"thu";182;6;999;0;"nonexistent";-1.8;92.893;-46.2;1.266;5099.1;"no"
32;"blue-collar";"married";"basic.4y";"unknown";"yes";"no";"cellular";"may";"thu";94;1;999;0;"nonexistent";-1.8;92.893;-46.2;1.266;5099.1;"no"
27;"self-employed";"single";"university.degree";"no";"yes";"yes";"cellular";"may";"thu";73;1;999;1;"failure";-1.8;92.893;-46.2;1.266;5099.1;"no"
27;"admin.";"married";"professional.course";"no";"no";"no";"cellular";"may";"thu";584;1;999;0;"nonexistent";-1.8;92.893;-46.2;1.266;5099.1;"no"
32;"blue-collar";"married";"professional.course";"no";"yes";"no";"cellular";"may";"thu";260;1;999;0;"nonexistent";-1.8;92.893;-46.2;1.266;5099.1;"no"
27;"self-employed";"single";"university.degree";"no";"no";"no";"cellular";"may";"thu";185;1;999;0;"nonexistent";-1.8;92.893;-46.2;1.266;5099.1;"no"
27;"self-employed";"single";"university.degree";"no";"no";"no";"cellular";"may";"thu";223;1;999;0;"nonexistent";-1.8;92.893;-46.2;1.266;5099.1;"no"
39;"admin.";"married";"high.school";"no";"no";"no";"cellular";"may";"thu";76;1;999;0;"nonexistent";-1.8;92.893;-46.2;1.266;5099.1;"no"
35;"technician";"married";"professional.course";"no";"yes";"no";"cellular";"may";"thu";590;5;999;0;"nonexistent";-1.8;92.893;-46.2;1.266;5099.1;"yes"
48;"blue-collar";"married";"basic.9y";"no";"no";"no";"cellular";"may";"thu";214;1;999;1;"failure";-1.8;92.893;-46.2;1.266;5099.1;"no"
32;"entrepreneur";"divorced";"high.school";"no";"yes";"no";"cellular";"may";"thu";103;2;999;0;"nonexistent";-1.8;92.893;-46.2;1.266;5099.1;"no"
39;"blue-collar";"married";"basic.9y";"unknown";"no";"no";"cellular";"may";"thu";37;6;999;0;"nonexistent";-1.8;92.893;-46.2;1.266;5099.1;"no"
30;"blue-collar";"single";"basic.9y";"no";"yes";"yes";"cellular";"may";"thu";273;3;999;0;"nonexistent";-1.8;92.893;-46.2;1.266;5099.1;"no"
31;"blue-collar";"single";"high.school";"no";"no";"no";"cellular";"may";"thu";451;1;999;1;"failure";-1.8;92.893;-46.2;1.266;5099.1;"no"
35;"entrepreneur";"married";"professional.course";"no";"yes";"no";"telephone";"may";"thu";12;5;999;0;"nonexistent";-1.8;92.893;-46.2;1.266;5099.1;"no"
35;"technician";"single";"unknown";"no";"no";"no";"cellular";"may";"thu";745;1;999;1;"failure";-1.8;92.893;-46.2;1.266;5099.1;"yes"
29;"services";"single";"high.school";"no";"no";"no";"cellular";"may";"thu";854;2;999;1;"failure";-1.8;92.893;-46.2;1.266;5099.1;"yes"
27;"admin.";"married";"professional.course";"no";"yes";"no";"cellular";"may";"thu";1166;1;999;0;"nonexistent";-1.8;92.893;-46.2;1.266;5099.1;"no"
39;"admin.";"married";"high.school";"no";"no";"yes";"cellular";"may";"thu";105;1;999;0;"nonexistent";-1.8;92.893;-46.2;1.266;5099.1;"no"
47;"entrepreneur";"divorced";"high.school";"no";"no";"no";"cellular";"may";"thu";8;7;999;0;"nonexistent";-1.8;92.893;-46.2;1.266;5099.1;"no"
23;"admin.";"married";"high.school";"no";"no";"yes";"cellular";"may";"thu";7;5;999;1;"failure";-1.8;92.893;-46.2;1.266;5099.1;"no"
26;"self-employed";"married";"high.school";"no";"no";"no";"cellular";"may";"thu";159;5;999;0;"nonexistent";-1.8;92.893;-46.2;1.266;5099.1;"no"
25;"services";"single";"high.school";"no";"no";"no";"cellular";"may";"thu";646;5;999;0;"nonexistent";-1.8;92.893;-46.2;1.266;5099.1;"yes"
24;"admin.";"single";"professional.course";"no";"no";"no";"cellular";"may";"thu";210;6;999;0;"nonexistent";-1.8;92.893;-46.2;1.266;5099.1;"no"
35;"admin.";"married";"university.degree";"no";"no";"yes";"cellular";"may";"thu";17;7;999;0;"nonexistent";-1.8;92.893;-46.2;1.266;5099.1;"no"
29;"blue-collar";"married";"basic.9y";"unknown";"yes";"no";"cellular";"may";"thu";297;2;999;0;"nonexistent";-1.8;92.893;-46.2;1.266;5099.1;"no"
39;"management";"single";"high.school";"no";"no";"yes";"cellular";"may";"thu";365;6;999;1;"failure";-1.8;92.893;-46.2;1.266;5099.1;"no"
30;"blue-collar";"married";"basic.4y";"unknown";"yes";"no";"telephone";"may";"thu";162;2;999;0;"nonexistent";-1.8;92.893;-46.2;1.266;5099.1;"no"
33;"admin.";"single";"university.degree";"no";"yes";"yes";"cellular";"may";"thu";255;2;999;1;"failure";-1.8;92.893;-46.2;1.266;5099.1;"no"
41;"technician";"married";"professional.course";"no";"yes";"no";"cellular";"may";"thu";377;4;999;0;"nonexistent";-1.8;92.893;-46.2;1.266;5099.1;"no"
37;"housemaid";"single";"high.school";"no";"yes";"no";"cellular";"may";"thu";165;1;999;0;"nonexistent";-1.8;92.893;-46.2;1.266;5099.1;"no"
29;"admin.";"married";"university.degree";"no";"yes";"no";"cellular";"may";"thu";133;1;999;1;"failure";-1.8;92.893;-46.2;1.266;5099.1;"no"
37;"blue-collar";"married";"basic.4y";"no";"no";"no";"cellular";"may";"thu";345;1;999;0;"nonexistent";-1.8;92.893;-46.2;1.266;5099.1;"yes"
31;"blue-collar";"married";"basic.6y";"unknown";"no";"no";"cellular";"may";"thu";263;1;999;0;"nonexistent";-1.8;92.893;-46.2;1.266;5099.1;"no"
32;"management";"married";"professional.course";"no";"no";"no";"cellular";"may";"thu";125;1;999;1;"failure";-1.8;92.893;-46.2;1.266;5099.1;"no"
39;"technician";"single";"basic.4y";"unknown";"yes";"no";"cellular";"may";"thu";411;2;999;0;"nonexistent";-1.8;92.893;-46.2;1.266;5099.1;"no"
49;"services";"married";"high.school";"no";"no";"no";"cellular";"may";"thu";67;1;999;0;"nonexistent";-1.8;92.893;-46.2;1.266;5099.1;"no"
36;"blue-collar";"single";"basic.4y";"no";"yes";"no";"cellular";"may";"thu";279;1;999;1;"failure";-1.8;92.893;-46.2;1.266;5099.1;"no"
38;"services";"single";"high.school";"no";"yes";"yes";"cellular";"may";"thu";456;1;999;1;"failure";-1.8;92.893;-46.2;1.266;5099.1;"yes"
25;"services";"married";"high.school";"no";"no";"no";"cellular";"may";"thu";112;2;999;0;"nonexistent";-1.8;92.893;-46.2;1.266;5099.1;"no"
31;"blue-collar";"married";"basic.6y";"unknown";"no";"no";"cellular";"may";"thu";680;1;6;1;"success";-1.8;92.893;-46.2;1.266;5099.1;"yes"
49;"services";"married";"high.school";"no";"yes";"no";"cellular";"may";"thu";152;1;999;0;"nonexistent";-1.8;92.893;-46.2;1.266;5099.1;"no"
32;"services";"married";"high.school";"no";"yes";"no";"cellular";"may";"thu";21;12;999;0;"nonexistent";-1.8;92.893;-46.2;1.266;5099.1;"no"
52;"blue-collar";"unknown";"basic.4y";"no";"no";"no";"cellular";"may";"thu";1180;1;999;0;"nonexistent";-1.8;92.893;-46.2;1.266;5099.1;"yes"
32;"technician";"single";"university.degree";"no";"no";"no";"cellular";"may";"thu";14;8;999;0;"nonexistent";-1.8;92.893;-46.2;1.266;5099.1;"no"
26;"services";"single";"high.school";"no";"no";"no";"cellular";"may";"thu";243;1;999;0;"nonexistent";-1.8;92.893;-46.2;1.266;5099.1;"no"
33;"blue-collar";"single";"high.school";"no";"yes";"no";"cellular";"may";"thu";17;5;999;0;"nonexistent";-1.8;92.893;-46.2;1.266;5099.1;"no"
25;"student";"single";"high.school";"no";"no";"no";"cellular";"may";"thu";12;7;999;0;"nonexistent";-1.8;92.893;-46.2;1.266;5099.1;"no"
26;"blue-collar";"single";"basic.9y";"no";"yes";"no";"cellular";"may";"thu";535;1;999;1;"failure";-1.8;92.893;-46.2;1.266;5099.1;"no"
44;"services";"married";"high.school";"no";"no";"no";"telephone";"may";"thu";188;1;999;1;"failure";-1.8;92.893;-46.2;1.266;5099.1;"no"
52;"technician";"married";"basic.6y";"unknown";"no";"no";"cellular";"may";"thu";498;1;12;1;"success";-1.8;92.893;-46.2;1.266;5099.1;"no"
32;"admin.";"single";"high.school";"no";"yes";"no";"cellular";"may";"thu";149;1;999;1;"failure";-1.8;92.893;-46.2;1.266;5099.1;"no"
32;"technician";"single";"university.degree";"no";"yes";"no";"telephone";"may";"thu";62;7;999;0;"nonexistent";-1.8;92.893;-46.2;1.266;5099.1;"no"
52;"admin.";"married";"university.degree";"unknown";"no";"no";"cellular";"may";"thu";877;2;999;1;"failure";-1.8;92.893;-46.2;1.266;5099.1;"no"
31;"entrepreneur";"single";"university.degree";"no";"yes";"yes";"cellular";"may";"thu";204;1;999;0;"nonexistent";-1.8;92.893;-46.2;1.266;5099.1;"no"
34;"entrepreneur";"married";"basic.6y";"no";"yes";"no";"cellular";"may";"thu";210;2;999;1;"failure";-1.8;92.893;-46.2;1.266;5099.1;"no"
30;"student";"unknown";"basic.9y";"no";"no";"no";"cellular";"may";"thu";155;1;999;2;"failure";-1.8;92.893;-46.2;1.266;5099.1;"no"
32;"blue-collar";"married";"university.degree";"no";"no";"yes";"cellular";"may";"thu";159;1;999;0;"nonexistent";-1.8;92.893;-46.2;1.266;5099.1;"no"
33;"management";"married";"professional.course";"no";"no";"no";"cellular";"may";"thu";578;1;999;0;"nonexistent";-1.8;92.893;-46.2;1.266;5099.1;"yes"
54;"blue-collar";"married";"basic.4y";"unknown";"yes";"yes";"cellular";"may";"thu";303;1;999;0;"nonexistent";-1.8;92.893;-46.2;1.266;5099.1;"no"
23;"admin.";"single";"high.school";"no";"yes";"no";"cellular";"may";"thu";258;1;10;1;"success";-1.8;92.893;-46.2;1.266;5099.1;"no"
44;"services";"married";"high.school";"no";"no";"yes";"cellular";"may";"thu";786;1;999;0;"nonexistent";-1.8;92.893;-46.2;1.266;5099.1;"yes"
29;"services";"married";"high.school";"unknown";"yes";"no";"cellular";"may";"thu";161;1;999;1;"failure";-1.8;92.893;-46.2;1.266;5099.1;"no"
31;"entrepreneur";"single";"university.degree";"no";"yes";"no";"cellular";"may";"thu";633;1;999;0;"nonexistent";-1.8;92.893;-46.2;1.266;5099.1;"yes"
32;"admin.";"married";"university.degree";"no";"no";"no";"cellular";"may";"thu";57;4;999;0;"nonexistent";-1.8;92.893;-46.2;1.266;5099.1;"no"
46;"services";"married";"high.school";"no";"no";"no";"cellular";"may";"thu";107;4;999;1;"failure";-1.8;92.893;-46.2;1.266;5099.1;"no"
28;"blue-collar";"divorced";"high.school";"no";"no";"no";"cellular";"may";"thu";307;1;999;2;"failure";-1.8;92.893;-46.2;1.266;5099.1;"yes"
23;"self-employed";"single";"basic.9y";"no";"yes";"no";"cellular";"may";"thu";64;2;999;0;"nonexistent";-1.8;92.893;-46.2;1.266;5099.1;"no"
41;"services";"married";"high.school";"no";"no";"no";"cellular";"may";"thu";116;4;999;1;"failure";-1.8;92.893;-46.2;1.266;5099.1;"no"
32;"entrepreneur";"divorced";"high.school";"no";"yes";"no";"cellular";"may";"thu";318;3;999;0;"nonexistent";-1.8;92.893;-46.2;1.266;5099.1;"no"
22;"student";"single";"high.school";"no";"yes";"no";"cellular";"may";"thu";47;3;999;0;"nonexistent";-1.8;92.893;-46.2;1.266;5099.1;"no"
26;"self-employed";"married";"high.school";"no";"no";"no";"cellular";"may";"thu";183;3;999;0;"nonexistent";-1.8;92.893;-46.2;1.266;5099.1;"no"
29;"services";"married";"high.school";"no";"yes";"no";"cellular";"may";"thu";343;2;999;0;"nonexistent";-1.8;92.893;-46.2;1.266;5099.1;"no"
27;"admin.";"single";"basic.9y";"no";"yes";"no";"telephone";"may";"thu";230;4;999;1;"failure";-1.8;92.893;-46.2;1.266;5099.1;"no"
29;"technician";"single";"university.degree";"no";"no";"no";"cellular";"may";"thu";138;2;999;0;"nonexistent";-1.8;92.893;-46.2;1.266;5099.1;"no"
29;"blue-collar";"married";"basic.9y";"unknown";"yes";"yes";"cellular";"may";"thu";11;5;999;0;"nonexistent";-1.8;92.893;-46.2;1.266;5099.1;"no"
27;"blue-collar";"married";"basic.9y";"no";"no";"no";"cellular";"may";"thu";155;2;999;0;"nonexistent";-1.8;92.893;-46.2;1.266;5099.1;"no"
24;"services";"single";"high.school";"no";"no";"no";"cellular";"may";"thu";47;1;999;1;"failure";-1.8;92.893;-46.2;1.266;5099.1;"no"
47;"services";"married";"basic.6y";"no";"yes";"no";"cellular";"may";"thu";201;2;999;1;"failure";-1.8;92.893;-46.2;1.266;5099.1;"no"
27;"technician";"married";"professional.course";"no";"yes";"yes";"telephone";"may";"thu";289;3;999;0;"nonexistent";-1.8;92.893;-46.2;1.266;5099.1;"no"
52;"entrepreneur";"single";"university.degree";"no";"yes";"no";"cellular";"may";"thu";11;5;999;0;"nonexistent";-1.8;92.893;-46.2;1.266;5099.1;"no"
38;"blue-collar";"married";"basic.6y";"unknown";"no";"no";"cellular";"may";"thu";72;2;999;1;"failure";-1.8;92.893;-46.2;1.266;5099.1;"no"
36;"blue-collar";"married";"basic.6y";"no";"yes";"yes";"cellular";"may";"thu";273;1;999;0;"nonexistent";-1.8;92.893;-46.2;1.266;5099.1;"no"
24;"services";"single";"high.school";"no";"no";"yes";"cellular";"may";"thu";91;1;999;1;"failure";-1.8;92.893;-46.2;1.266;5099.1;"no"
29;"services";"married";"high.school";"unknown";"yes";"no";"cellular";"may";"thu";23;1;999;1;"failure";-1.8;92.893;-46.2;1.266;5099.1;"no"
45;"blue-collar";"married";"basic.9y";"no";"no";"no";"cellular";"may";"thu";43;1;999;0;"nonexistent";-1.8;92.893;-46.2;1.266;5099.1;"no"
36;"admin.";"single";"university.degree";"no";"no";"no";"telephone";"may";"thu";121;1;999;0;"nonexistent";-1.8;92.893;-46.2;1.266;5099.1;"no"
33;"blue-collar";"married";"basic.9y";"unknown";"yes";"no";"cellular";"may";"thu";449;1;999;0;"nonexistent";-1.8;92.893;-46.2;1.266;5099.1;"yes"
45;"blue-collar";"married";"basic.4y";"no";"yes";"yes";"cellular";"may";"thu";8;5;999;0;"nonexistent";-1.8;92.893;-46.2;1.266;5099.1;"no"
24;"services";"single";"high.school";"no";"no";"no";"cellular";"may";"thu";524;1;999;1;"failure";-1.8;92.893;-46.2;1.266;5099.1;"no"
25;"student";"single";"university.degree";"no";"no";"no";"telephone";"may";"thu";13;5;999;0;"nonexistent";-1.8;92.893;-46.2;1.266;5099.1;"no"
53;"services";"married";"basic.6y";"no";"yes";"no";"cellular";"may";"thu";157;4;999;1;"failure";-1.8;92.893;-46.2;1.266;5099.1;"no"
42;"services";"divorced";"high.school";"no";"no";"no";"cellular";"may";"thu";72;1;999;0;"nonexistent";-1.8;92.893;-46.2;1.266;5099.1;"no"
35;"blue-collar";"married";"basic.6y";"no";"no";"no";"cellular";"may";"thu";112;1;999;1;"failure";-1.8;92.893;-46.2;1.266;5099.1;"no"
31;"entrepreneur";"single";"university.degree";"no";"no";"no";"cellular";"may";"thu";50;2;999;1;"failure";-1.8;92.893;-46.2;1.266;5099.1;"no"
35;"blue-collar";"married";"basic.6y";"no";"yes";"no";"cellular";"may";"thu";225;1;12;1;"success";-1.8;92.893;-46.2;1.266;5099.1;"no"
31;"blue-collar";"single";"basic.9y";"no";"yes";"no";"cellular";"may";"thu";42;1;999;0;"nonexistent";-1.8;92.893;-46.2;1.266;5099.1;"no"
38;"blue-collar";"married";"basic.6y";"no";"no";"no";"cellular";"may";"thu";35;1;999;0;"nonexistent";-1.8;92.893;-46.2;1.266;5099.1;"no"
39;"blue-collar";"married";"basic.9y";"no";"yes";"no";"cellular";"may";"thu";607;3;999;0;"nonexistent";-1.8;92.893;-46.2;1.266;5099.1;"yes"
37;"management";"married";"university.degree";"no";"no";"yes";"cellular";"may";"thu";123;1;999;0;"nonexistent";-1.8;92.893;-46.2;1.266;5099.1;"no"
31;"blue-collar";"married";"basic.9y";"no";"no";"no";"cellular";"may";"thu";255;1;999;0;"nonexistent";-1.8;92.893;-46.2;1.266;5099.1;"no"
24;"self-employed";"single";"university.degree";"no";"no";"no";"cellular";"may";"thu";334;2;999;0;"nonexistent";-1.8;92.893;-46.2;1.266;5099.1;"no"
40;"blue-collar";"married";"basic.4y";"no";"no";"no";"cellular";"may";"thu";104;1;999;0;"nonexistent";-1.8;92.893;-46.2;1.266;5099.1;"no"
33;"blue-collar";"single";"basic.9y";"unknown";"no";"no";"cellular";"may";"thu";1075;1;999;1;"failure";-1.8;92.893;-46.2;1.266;5099.1;"yes"
36;"admin.";"single";"high.school";"no";"yes";"no";"cellular";"may";"thu";235;1;999;0;"nonexistent";-1.8;92.893;-46.2;1.266;5099.1;"no"
27;"technician";"single";"high.school";"no";"no";"no";"cellular";"may";"thu";64;3;999;1;"failure";-1.8;92.893;-46.2;1.266;5099.1;"no"
27;"admin.";"married";"high.school";"no";"no";"no";"cellular";"may";"thu";137;3;999;0;"nonexistent";-1.8;92.893;-46.2;1.266;5099.1;"no"
42;"services";"divorced";"high.school";"no";"yes";"yes";"cellular";"may";"thu";874;1;999;1;"failure";-1.8;92.893;-46.2;1.266;5099.1;"yes"
23;"student";"single";"university.degree";"no";"yes";"no";"cellular";"may";"thu";200;1;999;0;"nonexistent";-1.8;92.893;-46.2;1.266;5099.1;"no"
40;"blue-collar";"married";"basic.4y";"no";"yes";"no";"cellular";"may";"thu";433;1;999;0;"nonexistent";-1.8;92.893;-46.2;1.266;5099.1;"no"
27;"technician";"single";"high.school";"no";"no";"no";"cellular";"may";"thu";215;1;999;0;"nonexistent";-1.8;92.893;-46.2;1.266;5099.1;"no"
30;"admin.";"single";"university.degree";"no";"yes";"no";"cellular";"may";"thu";287;1;999;1;"failure";-1.8;92.893;-46.2;1.266;5099.1;"no"
47;"blue-collar";"married";"basic.4y";"unknown";"no";"no";"telephone";"may";"thu";391;1;999;1;"failure";-1.8;92.893;-46.2;1.266;5099.1;"no"
39;"blue-collar";"single";"basic.4y";"no";"no";"no";"cellular";"may";"thu";93;1;999;0;"nonexistent";-1.8;92.893;-46.2;1.266;5099.1;"no"
44;"blue-collar";"married";"basic.6y";"no";"yes";"no";"cellular";"may";"thu";16;9;999;0;"nonexistent";-1.8;92.893;-46.2;1.266;5099.1;"no"
36;"blue-collar";"married";"basic.9y";"no";"yes";"no";"cellular";"may";"thu";523;2;999;0;"nonexistent";-1.8;92.893;-46.2;1.266;5099.1;"no"
28;"blue-collar";"single";"basic.9y";"no";"yes";"no";"cellular";"may";"thu";225;1;999;1;"failure";-1.8;92.893;-46.2;1.266;5099.1;"no"
21;"student";"single";"high.school";"no";"no";"no";"cellular";"may";"thu";24;1;999;1;"failure";-1.8;92.893;-46.2;1.266;5099.1;"no"
31;"blue-collar";"married";"basic.6y";"no";"yes";"yes";"cellular";"may";"thu";298;1;999;0;"nonexistent";-1.8;92.893;-46.2;1.266;5099.1;"no"
25;"management";"married";"university.degree";"no";"yes";"no";"cellular";"may";"thu";200;1;999;0;"nonexistent";-1.8;92.893;-46.2;1.266;5099.1;"no"
32;"services";"single";"university.degree";"no";"unknown";"unknown";"telephone";"may";"thu";93;1;999;0;"nonexistent";-1.8;92.893;-46.2;1.266;5099.1;"no"
30;"admin.";"married";"university.degree";"no";"no";"yes";"cellular";"may";"thu";234;2;999;0;"nonexistent";-1.8;92.893;-46.2;1.266;5099.1;"no"
24;"admin.";"single";"high.school";"no";"no";"no";"cellular";"may";"thu";797;2;999;0;"nonexistent";-1.8;92.893;-46.2;1.266;5099.1;"no"
29;"blue-collar";"married";"basic.9y";"no";"yes";"yes";"cellular";"may";"thu";419;1;999;1;"failure";-1.8;92.893;-46.2;1.266;5099.1;"no"
46;"blue-collar";"married";"basic.4y";"no";"no";"no";"cellular";"may";"thu";87;1;999;0;"nonexistent";-1.8;92.893;-46.2;1.266;5099.1;"no"
30;"admin.";"married";"basic.6y";"no";"yes";"no";"cellular";"may";"thu";83;1;999;0;"nonexistent";-1.8;92.893;-46.2;1.266;5099.1;"no"
33;"admin.";"single";"high.school";"no";"yes";"no";"cellular";"may";"thu";30;1;999;0;"nonexistent";-1.8;92.893;-46.2;1.266;5099.1;"no"
26;"blue-collar";"married";"basic.9y";"no";"no";"no";"cellular";"may";"thu";135;1;999;2;"failure";-1.8;92.893;-46.2;1.266;5099.1;"no"
33;"admin.";"single";"high.school";"no";"yes";"no";"cellular";"may";"thu";97;1;999;0;"nonexistent";-1.8;92.893;-46.2;1.266;5099.1;"no"
36;"management";"married";"university.degree";"no";"yes";"no";"cellular";"may";"thu";128;1;999;0;"nonexistent";-1.8;92.893;-46.2;1.266;5099.1;"no"
30;"admin.";"married";"basic.6y";"no";"no";"no";"cellular";"may";"thu";586;1;999;1;"failure";-1.8;92.893;-46.2;1.266;5099.1;"no"
33;"admin.";"single";"high.school";"no";"no";"no";"cellular";"may";"thu";492;1;12;2;"failure";-1.8;92.893;-46.2;1.266;5099.1;"yes"
23;"blue-collar";"single";"basic.4y";"unknown";"no";"yes";"cellular";"may";"thu";208;1;999;0;"nonexistent";-1.8;92.893;-46.2;1.266;5099.1;"no"
21;"admin.";"single";"high.school";"no";"no";"yes";"cellular";"may";"thu";240;1;999;0;"nonexistent";-1.8;92.893;-46.2;1.266;5099.1;"no"
34;"technician";"married";"professional.course";"no";"yes";"no";"cellular";"may";"thu";703;4;999;0;"nonexistent";-1.8;92.893;-46.2;1.266;5099.1;"no"
26;"blue-collar";"married";"basic.9y";"no";"yes";"no";"cellular";"may";"thu";1106;1;999;0;"nonexistent";-1.8;92.893;-46.2;1.266;5099.1;"no"
24;"management";"single";"university.degree";"no";"yes";"no";"telephone";"may";"thu";151;2;999;0;"nonexistent";-1.8;92.893;-46.2;1.266;5099.1;"no"
48;"blue-collar";"married";"basic.9y";"unknown";"no";"no";"cellular";"may";"thu";506;1;999;0;"nonexistent";-1.8;92.893;-46.2;1.266;5099.1;"no"
28;"blue-collar";"single";"basic.4y";"no";"no";"no";"cellular";"may";"thu";282;1;999;1;"failure";-1.8;92.893;-46.2;1.266;5099.1;"no"
57;"admin.";"married";"basic.9y";"no";"no";"no";"cellular";"may";"thu";563;1;999;0;"nonexistent";-1.8;92.893;-46.2;1.266;5099.1;"yes"
30;"technician";"single";"professional.course";"no";"yes";"no";"cellular";"may";"thu";377;1;999;0;"nonexistent";-1.8;92.893;-46.2;1.266;5099.1;"no"
41;"blue-collar";"married";"basic.4y";"no";"yes";"yes";"cellular";"may";"thu";174;2;999;0;"nonexistent";-1.8;92.893;-46.2;1.266;5099.1;"no"
50;"services";"divorced";"high.school";"no";"yes";"no";"cellular";"may";"thu";199;15;999;0;"nonexistent";-1.8;92.893;-46.2;1.266;5099.1;"no"
33;"services";"single";"high.school";"no";"yes";"no";"cellular";"may";"thu";437;2;999;0;"nonexistent";-1.8;92.893;-46.2;1.266;5099.1;"no"
33;"admin.";"single";"high.school";"unknown";"yes";"no";"cellular";"may";"thu";175;1;999;0;"nonexistent";-1.8;92.893;-46.2;1.266;5099.1;"no"
46;"blue-collar";"married";"basic.9y";"unknown";"yes";"no";"cellular";"may";"thu";386;3;999;0;"nonexistent";-1.8;92.893;-46.2;1.266;5099.1;"no"
28;"blue-collar";"married";"basic.9y";"no";"yes";"no";"cellular";"may";"thu";233;1;999;0;"nonexistent";-1.8;92.893;-46.2;1.266;5099.1;"no"
30;"services";"single";"high.school";"no";"yes";"no";"cellular";"may";"thu";74;1;999;1;"failure";-1.8;92.893;-46.2;1.266;5099.1;"no"
23;"student";"single";"high.school";"no";"no";"no";"cellular";"may";"thu";184;1;999;0;"nonexistent";-1.8;92.893;-46.2;1.266;5099.1;"no"
28;"blue-collar";"single";"basic.9y";"no";"no";"no";"cellular";"may";"thu";111;1;999;1;"failure";-1.8;92.893;-46.2;1.266;5099.1;"no"
53;"admin.";"married";"high.school";"no";"no";"no";"cellular";"may";"thu";168;2;999;0;"nonexistent";-1.8;92.893;-46.2;1.266;5099.1;"no"
28;"blue-collar";"single";"basic.9y";"no";"no";"no";"cellular";"may";"thu";156;1;999;0;"nonexistent";-1.8;92.893;-46.2;1.266;5099.1;"no"
31;"admin.";"divorced";"high.school";"no";"yes";"no";"cellular";"may";"thu";66;2;999;1;"failure";-1.8;92.893;-46.2;1.266;5099.1;"no"
32;"services";"divorced";"high.school";"no";"no";"no";"cellular";"may";"thu";97;1;999;1;"failure";-1.8;92.893;-46.2;1.266;5099.1;"no"
34;"entrepreneur";"married";"high.school";"no";"yes";"yes";"cellular";"may";"thu";97;1;999;1;"failure";-1.8;92.893;-46.2;1.266;5099.1;"no"
42;"admin.";"married";"high.school";"no";"yes";"no";"cellular";"may";"thu";160;1;999;0;"nonexistent";-1.8;92.893;-46.2;1.266;5099.1;"no"
32;"blue-collar";"married";"basic.9y";"no";"unknown";"unknown";"cellular";"may";"thu";1020;1;999;0;"nonexistent";-1.8;92.893;-46.2;1.266;5099.1;"yes"
25;"student";"single";"high.school";"no";"yes";"no";"cellular";"may";"thu";149;1;999;0;"nonexistent";-1.8;92.893;-46.2;1.266;5099.1;"no"
30;"services";"divorced";"high.school";"no";"yes";"no";"cellular";"may";"thu";202;1;999;0;"nonexistent";-1.8;92.893;-46.2;1.266;5099.1;"no"
33;"management";"single";"university.degree";"no";"yes";"no";"telephone";"may";"thu";112;2;999;1;"failure";-1.8;92.893;-46.2;1.266;5099.1;"no"
28;"technician";"married";"university.degree";"no";"no";"no";"telephone";"may";"thu";154;2;999;1;"failure";-1.8;92.893;-46.2;1.266;5099.1;"no"
23;"admin.";"single";"high.school";"no";"yes";"no";"cellular";"may";"thu";337;2;999;0;"nonexistent";-1.8;92.893;-46.2;1.266;5099.1;"no"
33;"admin.";"single";"high.school";"unknown";"no";"no";"cellular";"may";"thu";1723;1;12;1;"success";-1.8;92.893;-46.2;1.266;5099.1;"yes"
45;"admin.";"married";"unknown";"no";"no";"no";"cellular";"may";"thu";177;2;999;0;"nonexistent";-1.8;92.893;-46.2;1.266;5099.1;"no"
25;"blue-collar";"single";"basic.6y";"no";"yes";"no";"cellular";"may";"thu";95;2;999;0;"nonexistent";-1.8;92.893;-46.2;1.266;5099.1;"no"
44;"technician";"single";"professional.course";"unknown";"yes";"yes";"cellular";"may";"thu";246;2;999;0;"nonexistent";-1.8;92.893;-46.2;1.266;5099.1;"no"
26;"blue-collar";"single";"basic.9y";"no";"no";"no";"cellular";"may";"thu";294;2;999;0;"nonexistent";-1.8;92.893;-46.2;1.266;5099.1;"no"
32;"management";"single";"university.degree";"no";"no";"no";"cellular";"may";"thu";162;4;999;1;"failure";-1.8;92.893;-46.2;1.266;5099.1;"no"
28;"services";"single";"professional.course";"no";"yes";"no";"cellular";"may";"thu";406;2;999;0;"nonexistent";-1.8;92.893;-46.2;1.266;5099.1;"yes"
35;"blue-collar";"married";"basic.9y";"no";"no";"no";"cellular";"may";"thu";20;2;999;0;"nonexistent";-1.8;92.893;-46.2;1.266;5099.1;"no"
30;"technician";"married";"high.school";"unknown";"yes";"no";"cellular";"may";"thu";115;3;999;0;"nonexistent";-1.8;92.893;-46.2;1.266;5099.1;"no"
43;"blue-collar";"married";"basic.9y";"unknown";"yes";"no";"cellular";"may";"thu";543;2;999;0;"nonexistent";-1.8;92.893;-46.2;1.266;5099.1;"no"
27;"self-employed";"single";"university.degree";"no";"yes";"no";"cellular";"may";"thu";73;1;999;0;"nonexistent";-1.8;92.893;-46.2;1.266;5099.1;"no"
25;"technician";"married";"university.degree";"no";"no";"yes";"cellular";"may";"thu";136;1;999;1;"failure";-1.8;92.893;-46.2;1.266;5099.1;"no"
29;"services";"single";"high.school";"no";"no";"no";"cellular";"may";"thu";138;1;999;0;"nonexistent";-1.8;92.893;-46.2;1.266;5099.1;"no"
29;"services";"single";"high.school";"no";"yes";"no";"cellular";"may";"thu";118;1;999;0;"nonexistent";-1.8;92.893;-46.2;1.266;5099.1;"no"
37;"services";"single";"high.school";"no";"yes";"no";"cellular";"may";"thu";30;6;999;0;"nonexistent";-1.8;92.893;-46.2;1.266;5099.1;"no"
27;"admin.";"married";"professional.course";"no";"yes";"no";"cellular";"may";"thu";444;1;999;0;"nonexistent";-1.8;92.893;-46.2;1.266;5099.1;"no"
27;"admin.";"married";"professional.course";"no";"no";"no";"cellular";"may";"thu";466;1;999;0;"nonexistent";-1.8;92.893;-46.2;1.266;5099.1;"no"
33;"admin.";"married";"professional.course";"no";"unknown";"unknown";"cellular";"may";"thu";110;1;999;1;"failure";-1.8;92.893;-46.2;1.266;5099.1;"no"
27;"admin.";"single";"university.degree";"no";"yes";"no";"cellular";"may";"thu";97;1;999;1;"failure";-1.8;92.893;-46.2;1.266;5099.1;"no"
52;"blue-collar";"divorced";"basic.6y";"unknown";"yes";"no";"cellular";"may";"thu";7;7;999;1;"failure";-1.8;92.893;-46.2;1.266;5099.1;"no"
27;"admin.";"single";"university.degree";"no";"yes";"no";"cellular";"may";"thu";172;1;999;0;"nonexistent";-1.8;92.893;-46.2;1.266;5099.1;"no"
42;"management";"divorced";"university.degree";"no";"yes";"no";"cellular";"may";"thu";146;1;999;1;"failure";-1.8;92.893;-46.2;1.266;5099.1;"no"
35;"technician";"married";"professional.course";"no";"yes";"no";"cellular";"may";"thu";16;6;999;1;"failure";-1.8;92.893;-46.2;1.266;5099.1;"no"
31;"admin.";"single";"high.school";"no";"yes";"no";"cellular";"may";"thu";150;1;999;1;"failure";-1.8;92.893;-46.2;1.266;5099.1;"no"
31;"services";"single";"university.degree";"no";"yes";"no";"cellular";"may";"thu";163;1;999;0;"nonexistent";-1.8;92.893;-46.2;1.266;5099.1;"no"
27;"services";"single";"high.school";"no";"yes";"no";"cellular";"may";"thu";88;1;999;1;"failure";-1.8;92.893;-46.2;1.266;5099.1;"no"
34;"technician";"single";"professional.course";"no";"yes";"no";"cellular";"may";"thu";277;2;999;0;"nonexistent";-1.8;92.893;-46.2;1.266;5099.1;"no"
40;"services";"divorced";"high.school";"no";"no";"no";"cellular";"may";"thu";96;1;999;1;"failure";-1.8;92.893;-46.2;1.266;5099.1;"no"
24;"technician";"single";"professional.course";"no";"no";"no";"cellular";"may";"thu";175;1;999;1;"failure";-1.8;92.893;-46.2;1.266;5099.1;"no"
23;"admin.";"single";"high.school";"no";"no";"no";"cellular";"may";"thu";22;6;999;0;"nonexistent";-1.8;92.893;-46.2;1.266;5099.1;"no"
28;"admin.";"married";"high.school";"no";"unknown";"unknown";"cellular";"may";"thu";430;4;999;0;"nonexistent";-1.8;92.893;-46.2;1.266;5099.1;"no"
28;"student";"single";"high.school";"no";"unknown";"unknown";"cellular";"may";"thu";97;2;999;0;"nonexistent";-1.8;92.893;-46.2;1.266;5099.1;"no"
36;"management";"married";"university.degree";"no";"no";"no";"cellular";"may";"thu";164;2;999;0;"nonexistent";-1.8;92.893;-46.2;1.266;5099.1;"no"
27;"blue-collar";"married";"basic.4y";"no";"yes";"no";"cellular";"may";"thu";88;1;999;0;"nonexistent";-1.8;92.893;-46.2;1.266;5099.1;"no"
37;"blue-collar";"married";"high.school";"unknown";"yes";"no";"cellular";"may";"thu";71;1;999;1;"failure";-1.8;92.893;-46.2;1.266;5099.1;"no"
21;"services";"single";"high.school";"no";"yes";"no";"cellular";"may";"thu";136;1;999;1;"failure";-1.8;92.893;-46.2;1.266;5099.1;"no"
28;"blue-collar";"married";"basic.9y";"unknown";"no";"no";"cellular";"may";"thu";92;1;999;1;"failure";-1.8;92.893;-46.2;1.266;5099.1;"no"
29;"blue-collar";"married";"basic.6y";"no";"yes";"no";"cellular";"may";"thu";17;6;999;0;"nonexistent";-1.8;92.893;-46.2;1.266;5099.1;"no"
46;"blue-collar";"married";"basic.9y";"no";"no";"no";"cellular";"may";"thu";155;2;999;0;"nonexistent";-1.8;92.893;-46.2;1.266;5099.1;"no"
28;"blue-collar";"married";"basic.9y";"unknown";"yes";"no";"cellular";"may";"thu";199;1;999;0;"nonexistent";-1.8;92.893;-46.2;1.266;5099.1;"no"
51;"blue-collar";"married";"basic.4y";"no";"no";"no";"cellular";"may";"thu";159;1;999;1;"failure";-1.8;92.893;-46.2;1.266;5099.1;"no"
37;"services";"divorced";"high.school";"no";"no";"no";"cellular";"may";"thu";36;1;999;0;"nonexistent";-1.8;92.893;-46.2;1.266;5099.1;"no"
27;"technician";"single";"university.degree";"no";"yes";"no";"cellular";"may";"thu";43;8;999;0;"nonexistent";-1.8;92.893;-46.2;1.266;5099.1;"no"
23;"admin.";"single";"high.school";"no";"yes";"no";"cellular";"may";"thu";70;3;999;1;"failure";-1.8;92.893;-46.2;1.266;5099.1;"no"
28;"blue-collar";"married";"basic.9y";"unknown";"yes";"no";"cellular";"may";"thu";334;1;999;0;"nonexistent";-1.8;92.893;-46.2;1.266;5099.1;"no"
34;"self-employed";"married";"high.school";"no";"yes";"no";"cellular";"may";"thu";107;1;999;1;"failure";-1.8;92.893;-46.2;1.266;5099.1;"no"
39;"admin.";"married";"high.school";"no";"no";"no";"cellular";"may";"thu";806;1;999;0;"nonexistent";-1.8;92.893;-46.2;1.266;5099.1;"no"
23;"technician";"single";"high.school";"no";"no";"no";"cellular";"may";"thu";104;1;999;0;"nonexistent";-1.8;92.893;-46.2;1.266;5099.1;"no"
26;"admin.";"single";"university.degree";"no";"no";"no";"telephone";"may";"thu";217;2;999;0;"nonexistent";-1.8;92.893;-46.2;1.266;5099.1;"no"
32;"blue-collar";"single";"high.school";"no";"yes";"no";"cellular";"may";"thu";216;1;999;0;"nonexistent";-1.8;92.893;-46.2;1.266;5099.1;"no"
35;"admin.";"single";"university.degree";"no";"yes";"no";"cellular";"may";"thu";143;1;999;1;"failure";-1.8;92.893;-46.2;1.266;5099.1;"no"
28;"management";"single";"basic.9y";"no";"yes";"no";"cellular";"may";"thu";106;1;999;1;"failure";-1.8;92.893;-46.2;1.266;5099.1;"no"
28;"blue-collar";"single";"basic.9y";"no";"yes";"no";"cellular";"may";"thu";226;1;999;1;"failure";-1.8;92.893;-46.2;1.266;5099.1;"no"
28;"management";"single";"basic.9y";"no";"yes";"no";"telephone";"may";"thu";166;1;999;0;"nonexistent";-1.8;92.893;-46.2;1.266;5099.1;"no"
34;"entrepreneur";"single";"university.degree";"no";"yes";"no";"cellular";"may";"thu";87;1;999;0;"nonexistent";-1.8;92.893;-46.2;1.266;5099.1;"no"
23;"services";"single";"basic.9y";"no";"yes";"no";"cellular";"may";"thu";64;1;999;1;"failure";-1.8;92.893;-46.2;1.266;5099.1;"no"
36;"admin.";"married";"university.degree";"no";"no";"no";"cellular";"may";"thu";105;1;999;0;"nonexistent";-1.8;92.893;-46.2;1.266;5099.1;"no"
22;"student";"single";"high.school";"no";"yes";"no";"cellular";"may";"thu";99;2;999;0;"nonexistent";-1.8;92.893;-46.2;1.266;5099.1;"no"
38;"blue-collar";"married";"basic.4y";"no";"yes";"no";"cellular";"may";"thu";130;2;999;0;"nonexistent";-1.8;92.893;-46.2;1.266;5099.1;"no"
27;"technician";"single";"professional.course";"no";"no";"no";"cellular";"may";"thu";256;1;11;1;"success";-1.8;92.893;-46.2;1.266;5099.1;"no"
35;"blue-collar";"married";"high.school";"no";"yes";"no";"cellular";"may";"thu";121;1;999;0;"nonexistent";-1.8;92.893;-46.2;1.266;5099.1;"no"
27;"technician";"single";"professional.course";"no";"yes";"no";"cellular";"may";"thu";285;1;999;0;"nonexistent";-1.8;92.893;-46.2;1.266;5099.1;"no"
40;"blue-collar";"married";"basic.9y";"no";"yes";"no";"cellular";"may";"thu";140;1;999;0;"nonexistent";-1.8;92.893;-46.2;1.266;5099.1;"no"
33;"admin.";"married";"university.degree";"no";"yes";"no";"cellular";"may";"thu";167;1;999;0;"nonexistent";-1.8;92.893;-46.2;1.266;5099.1;"no"
30;"technician";"single";"professional.course";"no";"yes";"no";"cellular";"may";"thu";691;1;999;0;"nonexistent";-1.8;92.893;-46.2;1.266;5099.1;"yes"
27;"technician";"single";"professional.course";"no";"no";"no";"cellular";"may";"thu";311;1;999;0;"nonexistent";-1.8;92.893;-46.2;1.266;5099.1;"no"
30;"blue-collar";"married";"basic.6y";"no";"no";"no";"cellular";"may";"thu";164;2;999;1;"failure";-1.8;92.893;-46.2;1.266;5099.1;"no"
23;"technician";"single";"high.school";"no";"no";"yes";"cellular";"may";"thu";1129;1;999;0;"nonexistent";-1.8;92.893;-46.2;1.266;5099.1;"yes"
24;"blue-collar";"single";"basic.4y";"no";"yes";"yes";"cellular";"may";"thu";109;1;999;1;"failure";-1.8;92.893;-46.2;1.266;5099.1;"no"
33;"admin.";"married";"university.degree";"no";"yes";"yes";"cellular";"may";"thu";444;1;999;0;"nonexistent";-1.8;92.893;-46.2;1.266;5099.1;"no"
48;"admin.";"divorced";"high.school";"no";"yes";"no";"cellular";"may";"thu";265;1;999;0;"nonexistent";-1.8;92.893;-46.2;1.266;5099.1;"no"
28;"technician";"married";"university.degree";"no";"yes";"yes";"cellular";"may";"thu";175;3;999;0;"nonexistent";-1.8;92.893;-46.2;1.266;5099.1;"no"
31;"blue-collar";"single";"basic.9y";"no";"no";"no";"cellular";"may";"thu";191;1;999;1;"failure";-1.8;92.893;-46.2;1.266;5099.1;"yes"
39;"technician";"married";"professional.course";"no";"yes";"no";"cellular";"may";"thu";292;1;999;0;"nonexistent";-1.8;92.893;-46.2;1.266;5099.1;"no"
39;"technician";"married";"professional.course";"no";"no";"no";"cellular";"may";"thu";239;1;999;1;"failure";-1.8;92.893;-46.2;1.266;5099.1;"no"
31;"blue-collar";"single";"basic.9y";"no";"no";"no";"cellular";"may";"thu";59;1;999;1;"failure";-1.8;92.893;-46.2;1.266;5099.1;"no"
31;"blue-collar";"single";"basic.9y";"no";"yes";"no";"cellular";"may";"thu";471;1;999;0;"nonexistent";-1.8;92.893;-46.2;1.266;5099.1;"no"
46;"services";"married";"high.school";"no";"yes";"no";"cellular";"may";"thu";182;1;999;1;"failure";-1.8;92.893;-46.2;1.266;5099.1;"no"
28;"blue-collar";"married";"basic.6y";"no";"yes";"no";"cellular";"may";"thu";933;4;999;0;"nonexistent";-1.8;92.893;-46.2;1.266;5099.1;"yes"
32;"management";"married";"high.school";"no";"unknown";"unknown";"cellular";"may";"thu";396;1;999;1;"failure";-1.8;92.893;-46.2;1.266;5099.1;"no"
31;"technician";"married";"university.degree";"no";"yes";"no";"cellular";"may";"thu";432;1;999;0;"nonexistent";-1.8;92.893;-46.2;1.266;5099.1;"no"
27;"blue-collar";"single";"basic.9y";"no";"yes";"yes";"cellular";"may";"thu";224;4;999;0;"nonexistent";-1.8;92.893;-46.2;1.266;5099.1;"yes"
33;"blue-collar";"married";"basic.9y";"unknown";"no";"no";"cellular";"may";"thu";616;2;999;0;"nonexistent";-1.8;92.893;-46.2;1.266;5099.1;"yes"
42;"technician";"married";"professional.course";"no";"yes";"yes";"cellular";"may";"thu";50;2;999;0;"nonexistent";-1.8;92.893;-46.2;1.266;5099.1;"no"
29;"admin.";"single";"basic.9y";"no";"yes";"no";"cellular";"may";"thu";111;1;999;0;"nonexistent";-1.8;92.893;-46.2;1.266;5099.1;"no"
26;"admin.";"single";"high.school";"no";"yes";"no";"cellular";"may";"thu";685;2;999;0;"nonexistent";-1.8;92.893;-46.2;1.266;5099.1;"no"
26;"blue-collar";"single";"basic.9y";"no";"no";"no";"cellular";"may";"thu";134;2;999;0;"nonexistent";-1.8;92.893;-46.2;1.266;5099.1;"no"
54;"blue-collar";"married";"basic.9y";"no";"no";"no";"cellular";"may";"thu";423;3;999;0;"nonexistent";-1.8;92.893;-46.2;1.266;5099.1;"no"
33;"blue-collar";"single";"basic.9y";"unknown";"no";"no";"cellular";"may";"thu";65;1;999;0;"nonexistent";-1.8;92.893;-46.2;1.266;5099.1;"no"
33;"blue-collar";"married";"basic.9y";"unknown";"unknown";"unknown";"cellular";"may";"thu";551;2;999;0;"nonexistent";-1.8;92.893;-46.2;1.266;5099.1;"no"
58;"entrepreneur";"divorced";"professional.course";"no";"yes";"no";"cellular";"may";"thu";165;5;999;2;"failure";-1.8;92.893;-46.2;1.266;5099.1;"no"
51;"blue-collar";"married";"basic.4y";"no";"yes";"yes";"cellular";"may";"thu";668;2;999;0;"nonexistent";-1.8;92.893;-46.2;1.266;5099.1;"yes"
28;"student";"single";"university.degree";"no";"yes";"no";"cellular";"may";"thu";42;2;999;0;"nonexistent";-1.8;92.893;-46.2;1.266;5099.1;"no"
24;"services";"married";"high.school";"no";"no";"no";"cellular";"may";"thu";177;2;999;0;"nonexistent";-1.8;92.893;-46.2;1.266;5099.1;"no"
27;"admin.";"single";"high.school";"no";"yes";"yes";"cellular";"may";"thu";99;7;999;1;"failure";-1.8;92.893;-46.2;1.266;5099.1;"no"
29;"blue-collar";"married";"basic.6y";"no";"yes";"no";"cellular";"may";"thu";108;4;999;0;"nonexistent";-1.8;92.893;-46.2;1.266;5099.1;"no"
49;"services";"married";"high.school";"no";"yes";"yes";"cellular";"may";"thu";291;2;999;0;"nonexistent";-1.8;92.893;-46.2;1.266;5099.1;"no"
35;"admin.";"married";"high.school";"no";"yes";"no";"cellular";"may";"thu";170;1;999;0;"nonexistent";-1.8;92.893;-46.2;1.266;5099.1;"no"
35;"services";"married";"high.school";"no";"yes";"no";"cellular";"may";"thu";117;3;999;1;"failure";-1.8;92.893;-46.2;1.266;5099.1;"no"
57;"services";"divorced";"basic.4y";"no";"no";"no";"cellular";"may";"thu";161;6;999;0;"nonexistent";-1.8;92.893;-46.2;1.266;5099.1;"no"
25;"blue-collar";"single";"high.school";"no";"yes";"no";"cellular";"may";"thu";330;2;999;0;"nonexistent";-1.8;92.893;-46.2;1.266;5099.1;"no"
33;"technician";"single";"professional.course";"no";"no";"no";"cellular";"may";"thu";480;2;999;0;"nonexistent";-1.8;92.893;-46.2;1.266;5099.1;"no"
53;"services";"married";"basic.6y";"no";"yes";"no";"cellular";"may";"thu";24;6;999;0;"nonexistent";-1.8;92.893;-46.2;1.266;5099.1;"no"
31;"admin.";"married";"high.school";"no";"no";"no";"cellular";"may";"thu";172;2;999;1;"failure";-1.8;92.893;-46.2;1.266;5099.1;"no"
23;"student";"single";"high.school";"no";"yes";"no";"cellular";"may";"thu";143;2;999;1;"failure";-1.8;92.893;-46.2;1.266;5099.1;"no"
39;"entrepreneur";"married";"basic.9y";"unknown";"yes";"yes";"cellular";"may";"thu";158;2;999;0;"nonexistent";-1.8;92.893;-46.2;1.266;5099.1;"no"
27;"blue-collar";"married";"basic.4y";"no";"yes";"no";"cellular";"may";"thu";88;2;999;0;"nonexistent";-1.8;92.893;-46.2;1.266;5099.1;"no"
36;"blue-collar";"married";"basic.6y";"no";"yes";"yes";"cellular";"may";"thu";157;2;999;1;"failure";-1.8;92.893;-46.2;1.266;5099.1;"no"
40;"technician";"single";"professional.course";"unknown";"yes";"no";"cellular";"may";"thu";111;3;999;0;"nonexistent";-1.8;92.893;-46.2;1.266;5099.1;"no"
54;"self-employed";"divorced";"professional.course";"no";"yes";"no";"cellular";"may";"thu";553;2;999;0;"nonexistent";-1.8;92.893;-46.2;1.266;5099.1;"no"
24;"student";"single";"basic.9y";"no";"yes";"no";"telephone";"may";"thu";25;8;999;0;"nonexistent";-1.8;92.893;-46.2;1.266;5099.1;"no"
31;"admin.";"single";"high.school";"no";"no";"no";"cellular";"may";"thu";433;2;999;0;"nonexistent";-1.8;92.893;-46.2;1.266;5099.1;"no"
40;"services";"divorced";"high.school";"no";"no";"yes";"cellular";"may";"thu";632;1;999;1;"failure";-1.8;92.893;-46.2;1.266;5099.1;"no"
31;"blue-collar";"married";"basic.4y";"no";"no";"no";"cellular";"may";"thu";115;3;999;1;"failure";-1.8;92.893;-46.2;1.266;5099.1;"no"
33;"management";"single";"university.degree";"no";"no";"no";"cellular";"may";"thu";228;1;999;0;"nonexistent";-1.8;92.893;-46.2;1.266;5099.1;"no"
37;"housemaid";"single";"high.school";"no";"yes";"no";"cellular";"may";"thu";142;2;999;0;"nonexistent";-1.8;92.893;-46.2;1.266;5099.1;"no"
33;"blue-collar";"married";"basic.6y";"no";"yes";"yes";"cellular";"may";"thu";172;2;999;1;"failure";-1.8;92.893;-46.2;1.266;5099.1;"no"
40;"blue-collar";"married";"basic.6y";"no";"yes";"yes";"cellular";"may";"thu";246;1;999;0;"nonexistent";-1.8;92.893;-46.2;1.266;5099.1;"no"
36;"blue-collar";"single";"basic.6y";"no";"yes";"no";"cellular";"may";"thu";329;1;999;0;"nonexistent";-1.8;92.893;-46.2;1.266;5099.1;"no"
31;"technician";"single";"basic.9y";"no";"yes";"no";"cellular";"may";"thu";479;1;11;1;"success";-1.8;92.893;-46.2;1.266;5099.1;"yes"
30;"technician";"married";"university.degree";"no";"yes";"no";"cellular";"may";"thu";46;3;999;0;"nonexistent";-1.8;92.893;-46.2;1.266;5099.1;"no"
33;"admin.";"single";"university.degree";"no";"yes";"no";"cellular";"may";"thu";95;3;999;0;"nonexistent";-1.8;92.893;-46.2;1.266;5099.1;"no"
48;"services";"divorced";"basic.9y";"no";"unknown";"unknown";"cellular";"may";"thu";67;7;999;0;"nonexistent";-1.8;92.893;-46.2;1.266;5099.1;"no"
25;"admin.";"single";"high.school";"no";"yes";"no";"cellular";"may";"thu";888;3;999;0;"nonexistent";-1.8;92.893;-46.2;1.266;5099.1;"yes"
31;"blue-collar";"married";"basic.9y";"no";"no";"no";"cellular";"may";"thu";185;3;999;0;"nonexistent";-1.8;92.893;-46.2;1.266;5099.1;"no"
26;"blue-collar";"married";"professional.course";"no";"no";"no";"cellular";"may";"thu";1071;2;999;0;"nonexistent";-1.8;92.893;-46.2;1.266;5099.1;"yes"
35;"admin.";"married";"university.degree";"no";"no";"no";"cellular";"may";"thu";229;6;999;0;"nonexistent";-1.8;92.893;-46.2;1.266;5099.1;"no"
33;"admin.";"divorced";"university.degree";"no";"unknown";"unknown";"telephone";"may";"thu";213;1;999;0;"nonexistent";-1.8;92.893;-46.2;1.266;5099.1;"no"
34;"admin.";"married";"university.degree";"no";"yes";"no";"cellular";"may";"thu";293;2;999;1;"failure";-1.8;92.893;-46.2;1.266;5099.1;"no"
46;"blue-collar";"married";"basic.4y";"no";"no";"no";"telephone";"may";"thu";46;2;999;0;"nonexistent";-1.8;92.893;-46.2;1.266;5099.1;"no"
33;"technician";"married";"university.degree";"no";"no";"yes";"cellular";"may";"thu";169;3;999;1;"failure";-1.8;92.893;-46.2;1.266;5099.1;"no"
41;"technician";"married";"professional.course";"no";"no";"yes";"cellular";"may";"thu";226;2;999;0;"nonexistent";-1.8;92.893;-46.2;1.266;5099.1;"no"
42;"blue-collar";"married";"basic.9y";"no";"no";"no";"telephone";"may";"thu";113;2;999;0;"nonexistent";-1.8;92.893;-46.2;1.266;5099.1;"no"
30;"admin.";"single";"high.school";"no";"yes";"no";"cellular";"may";"thu";284;7;999;0;"nonexistent";-1.8;92.893;-46.2;1.266;5099.1;"no"
39;"blue-collar";"divorced";"basic.9y";"unknown";"yes";"no";"cellular";"may";"thu";76;3;999;0;"nonexistent";-1.8;92.893;-46.2;1.266;5099.1;"no"
27;"admin.";"married";"high.school";"no";"no";"yes";"cellular";"may";"thu";151;4;999;0;"nonexistent";-1.8;92.893;-46.2;1.266;5099.1;"no"
36;"management";"married";"university.degree";"no";"yes";"no";"telephone";"may";"thu";68;2;999;0;"nonexistent";-1.8;92.893;-46.2;1.266;5099.1;"no"
37;"technician";"single";"professional.course";"no";"yes";"no";"cellular";"may";"thu";56;2;999;1;"failure";-1.8;92.893;-46.2;1.266;5099.1;"no"
32;"technician";"single";"professional.course";"no";"no";"no";"cellular";"may";"thu";1060;2;999;0;"nonexistent";-1.8;92.893;-46.2;1.266;5099.1;"yes"
24;"entrepreneur";"single";"university.degree";"no";"no";"no";"cellular";"may";"thu";196;2;999;0;"nonexistent";-1.8;92.893;-46.2;1.266;5099.1;"no"
29;"services";"single";"high.school";"no";"yes";"no";"cellular";"may";"thu";332;2;999;1;"failure";-1.8;92.893;-46.2;1.266;5099.1;"no"
27;"admin.";"single";"university.degree";"no";"yes";"no";"cellular";"may";"thu";1543;4;999;0;"nonexistent";-1.8;92.893;-46.2;1.266;5099.1;"yes"
28;"blue-collar";"married";"basic.6y";"unknown";"no";"yes";"cellular";"may";"thu";67;3;999;0;"nonexistent";-1.8;92.893;-46.2;1.266;5099.1;"no"
30;"blue-collar";"married";"basic.6y";"no";"no";"yes";"cellular";"may";"thu";24;6;999;1;"failure";-1.8;92.893;-46.2;1.266;5099.1;"no"
34;"unemployed";"married";"basic.9y";"no";"yes";"no";"cellular";"may";"thu";218;4;999;0;"nonexistent";-1.8;92.893;-46.2;1.266;5099.1;"no"
42;"blue-collar";"married";"basic.4y";"no";"no";"no";"cellular";"may";"thu";131;2;999;0;"nonexistent";-1.8;92.893;-46.2;1.266;5099.1;"no"
40;"admin.";"divorced";"basic.9y";"no";"yes";"no";"cellular";"may";"thu";688;2;999;0;"nonexistent";-1.8;92.893;-46.2;1.266;5099.1;"yes"
26;"admin.";"single";"university.degree";"no";"yes";"no";"cellular";"may";"thu";400;2;999;0;"nonexistent";-1.8;92.893;-46.2;1.266;5099.1;"no"
42;"services";"married";"high.school";"no";"yes";"no";"cellular";"may";"thu";164;2;999;0;"nonexistent";-1.8;92.893;-46.2;1.266;5099.1;"no"
29;"blue-collar";"married";"basic.6y";"no";"no";"no";"cellular";"may";"thu";123;4;999;0;"nonexistent";-1.8;92.893;-46.2;1.266;5099.1;"no"
28;"services";"single";"high.school";"no";"no";"no";"cellular";"may";"thu";99;4;999;1;"failure";-1.8;92.893;-46.2;1.266;5099.1;"no"
30;"blue-collar";"single";"basic.9y";"no";"no";"no";"cellular";"may";"thu";362;6;999;0;"nonexistent";-1.8;92.893;-46.2;1.266;5099.1;"no"
35;"entrepreneur";"married";"professional.course";"no";"no";"yes";"cellular";"may";"thu";111;2;999;0;"nonexistent";-1.8;92.893;-46.2;1.266;5099.1;"no"
33;"blue-collar";"single";"basic.9y";"unknown";"yes";"no";"cellular";"may";"thu";502;2;999;0;"nonexistent";-1.8;92.893;-46.2;1.266;5099.1;"no"
28;"blue-collar";"married";"basic.9y";"unknown";"yes";"no";"cellular";"may";"thu";444;2;999;1;"failure";-1.8;92.893;-46.2;1.266;5099.1;"no"
32;"admin.";"married";"university.degree";"no";"no";"no";"cellular";"may";"thu";366;2;999;0;"nonexistent";-1.8;92.893;-46.2;1.266;5099.1;"no"
33;"services";"single";"high.school";"no";"yes";"no";"cellular";"may";"thu";367;2;999;1;"failure";-1.8;92.893;-46.2;1.266;5099.1;"no"
40;"technician";"single";"professional.course";"unknown";"yes";"no";"cellular";"may";"thu";17;8;999;0;"nonexistent";-1.8;92.893;-46.2;1.266;5099.1;"no"
30;"admin.";"single";"high.school";"no";"yes";"no";"cellular";"may";"thu";464;2;999;0;"nonexistent";-1.8;92.893;-46.2;1.266;5099.1;"no"
26;"technician";"single";"professional.course";"no";"yes";"yes";"cellular";"may";"thu";158;5;999;0;"nonexistent";-1.8;92.893;-46.2;1.266;5099.1;"no"
22;"technician";"single";"professional.course";"no";"no";"no";"telephone";"may";"thu";29;2;999;0;"nonexistent";-1.8;92.893;-46.2;1.266;5099.1;"no"
46;"blue-collar";"married";"basic.9y";"no";"yes";"yes";"cellular";"may";"thu";221;2;999;0;"nonexistent";-1.8;92.893;-46.2;1.266;5099.1;"no"
49;"entrepreneur";"married";"university.degree";"unknown";"yes";"yes";"cellular";"may";"thu";197;3;999;0;"nonexistent";-1.8;92.893;-46.2;1.266;5099.1;"no"
52;"admin.";"married";"university.degree";"unknown";"no";"yes";"cellular";"may";"thu";183;3;999;0;"nonexistent";-1.8;92.893;-46.2;1.266;5099.1;"no"
41;"admin.";"divorced";"high.school";"unknown";"yes";"yes";"cellular";"may";"thu";380;3;999;0;"nonexistent";-1.8;92.893;-46.2;1.266;5099.1;"no"
31;"entrepreneur";"married";"university.degree";"no";"yes";"no";"cellular";"may";"thu";113;3;999;0;"nonexistent";-1.8;92.893;-46.2;1.266;5099.1;"no"
26;"technician";"single";"professional.course";"no";"yes";"no";"cellular";"may";"thu";228;1;999;0;"nonexistent";-1.8;92.893;-46.2;1.266;5099.1;"no"
35;"blue-collar";"married";"basic.6y";"unknown";"no";"yes";"telephone";"may";"thu";57;1;999;0;"nonexistent";-1.8;92.893;-46.2;1.266;5099.1;"no"
31;"blue-collar";"married";"basic.9y";"no";"no";"no";"cellular";"may";"thu";535;1;999;0;"nonexistent";-1.8;92.893;-46.2;1.266;5099.1;"no"
52;"blue-collar";"unknown";"basic.4y";"no";"unknown";"unknown";"cellular";"may";"thu";610;3;999;0;"nonexistent";-1.8;92.893;-46.2;1.266;5099.1;"no"
44;"entrepreneur";"married";"university.degree";"no";"yes";"yes";"cellular";"may";"thu";91;1;999;0;"nonexistent";-1.8;92.893;-46.2;1.266;5099.1;"no"
36;"blue-collar";"married";"basic.9y";"no";"yes";"no";"cellular";"may";"thu";265;1;999;0;"nonexistent";-1.8;92.893;-46.2;1.266;5099.1;"no"
34;"blue-collar";"married";"basic.6y";"no";"no";"no";"cellular";"may";"thu";43;3;999;0;"nonexistent";-1.8;92.893;-46.2;1.266;5099.1;"no"
38;"blue-collar";"married";"basic.4y";"no";"no";"no";"cellular";"may";"thu";299;1;999;1;"failure";-1.8;92.893;-46.2;1.266;5099.1;"no"
42;"technician";"married";"professional.course";"no";"yes";"no";"cellular";"may";"thu";196;2;999;0;"nonexistent";-1.8;92.893;-46.2;1.266;5099.1;"no"
51;"technician";"married";"professional.course";"no";"unknown";"unknown";"cellular";"may";"thu";1462;2;999;1;"failure";-1.8;92.893;-46.2;1.266;5099.1;"no"
27;"admin.";"married";"professional.course";"no";"yes";"yes";"cellular";"may";"thu";162;2;999;1;"failure";-1.8;92.893;-46.2;1.266;5099.1;"no"
31;"blue-collar";"single";"basic.9y";"no";"no";"no";"cellular";"may";"thu";304;2;999;1;"failure";-1.8;92.893;-46.2;1.266;5099.1;"no"
24;"blue-collar";"single";"unknown";"no";"yes";"no";"cellular";"may";"thu";487;2;999;0;"nonexistent";-1.8;92.893;-46.2;1.266;5099.1;"no"
42;"technician";"married";"professional.course";"no";"yes";"no";"cellular";"may";"thu";251;3;999;0;"nonexistent";-1.8;92.893;-46.2;1.266;5099.1;"no"
32;"services";"single";"university.degree";"no";"yes";"no";"cellular";"may";"thu";261;3;999;0;"nonexistent";-1.8;92.893;-46.2;1.266;5099.1;"no"
31;"management";"single";"university.degree";"no";"yes";"no";"cellular";"may";"thu";8;4;999;1;"failure";-1.8;92.893;-46.2;1.266;5099.1;"no"
45;"self-employed";"married";"university.degree";"no";"yes";"no";"cellular";"may";"thu";171;4;999;0;"nonexistent";-1.8;92.893;-46.2;1.266;5099.1;"no"
39;"admin.";"married";"high.school";"no";"yes";"no";"cellular";"may";"thu";112;4;999;0;"nonexistent";-1.8;92.893;-46.2;1.266;5099.1;"no"
32;"self-employed";"married";"basic.9y";"no";"yes";"no";"cellular";"may";"thu";374;2;999;0;"nonexistent";-1.8;92.893;-46.2;1.266;5099.1;"no"
31;"blue-collar";"single";"professional.course";"no";"yes";"no";"cellular";"may";"thu";60;5;999;1;"failure";-1.8;92.893;-46.2;1.266;5099.1;"no"
37;"technician";"married";"high.school";"unknown";"no";"yes";"cellular";"may";"thu";102;6;999;0;"nonexistent";-1.8;92.893;-46.2;1.266;5099.1;"no"
28;"blue-collar";"single";"basic.9y";"no";"yes";"no";"cellular";"may";"thu";176;2;999;0;"nonexistent";-1.8;92.893;-46.2;1.266;5099.1;"no"
29;"admin.";"divorced";"university.degree";"no";"yes";"no";"cellular";"may";"thu";241;2;999;1;"failure";-1.8;92.893;-46.2;1.266;5099.1;"no"
29;"admin.";"single";"high.school";"no";"yes";"no";"cellular";"may";"thu";566;2;999;0;"nonexistent";-1.8;92.893;-46.2;1.266;5099.1;"yes"
31;"blue-collar";"married";"professional.course";"no";"yes";"no";"cellular";"may";"thu";303;3;999;1;"failure";-1.8;92.893;-46.2;1.266;5099.1;"no"
26;"blue-collar";"married";"professional.course";"no";"yes";"no";"cellular";"may";"thu";649;2;999;0;"nonexistent";-1.8;92.893;-46.2;1.266;5099.1;"no"
25;"student";"single";"high.school";"no";"yes";"no";"cellular";"may";"thu";959;3;999;1;"failure";-1.8;92.893;-46.2;1.266;5099.1;"yes"
31;"blue-collar";"married";"basic.9y";"no";"no";"no";"cellular";"may";"thu";134;2;999;0;"nonexistent";-1.8;92.893;-46.2;1.266;5099.1;"no"
34;"services";"married";"high.school";"no";"no";"no";"cellular";"may";"thu";353;6;999;1;"failure";-1.8;92.893;-46.2;1.266;5099.1;"no"
30;"admin.";"married";"university.degree";"no";"no";"no";"telephone";"may";"thu";72;7;999;0;"nonexistent";-1.8;92.893;-46.2;1.266;5099.1;"no"
33;"blue-collar";"married";"basic.6y";"no";"yes";"no";"cellular";"may";"thu";337;4;999;0;"nonexistent";-1.8;92.893;-46.2;1.266;5099.1;"no"
34;"blue-collar";"single";"basic.4y";"unknown";"yes";"no";"cellular";"may";"thu";93;2;999;1;"failure";-1.8;92.893;-46.2;1.266;5099.1;"no"
27;"blue-collar";"married";"basic.9y";"no";"yes";"no";"cellular";"may";"thu";291;2;999;0;"nonexistent";-1.8;92.893;-46.2;1.266;5099.1;"no"
31;"admin.";"single";"university.degree";"no";"no";"yes";"cellular";"may";"thu";546;3;999;0;"nonexistent";-1.8;92.893;-46.2;1.266;5099.1;"no"
32;"blue-collar";"married";"basic.9y";"no";"yes";"yes";"cellular";"may";"thu";252;2;999;0;"nonexistent";-1.8;92.893;-46.2;1.266;5099.1;"no"
54;"blue-collar";"married";"basic.9y";"no";"no";"no";"cellular";"may";"thu";532;2;6;2;"success";-1.8;92.893;-46.2;1.266;5099.1;"yes"
31;"blue-collar";"married";"basic.4y";"no";"no";"yes";"cellular";"may";"thu";204;2;999;1;"failure";-1.8;92.893;-46.2;1.266;5099.1;"no"
52;"technician";"married";"basic.6y";"unknown";"no";"no";"cellular";"may";"thu";152;3;999;1;"failure";-1.8;92.893;-46.2;1.266;5099.1;"no"
31;"blue-collar";"married";"basic.9y";"no";"no";"no";"telephone";"may";"thu";267;4;999;0;"nonexistent";-1.8;92.893;-46.2;1.266;5099.1;"no"
35;"admin.";"divorced";"high.school";"no";"yes";"no";"cellular";"may";"thu";406;2;999;0;"nonexistent";-1.8;92.893;-46.2;1.266;5099.1;"no"
31;"admin.";"single";"high.school";"no";"yes";"no";"cellular";"may";"thu";1094;2;999;0;"nonexistent";-1.8;92.893;-46.2;1.266;5099.1;"yes"
26;"admin.";"single";"university.degree";"no";"yes";"no";"cellular";"may";"thu";320;2;999;0;"nonexistent";-1.8;92.893;-46.2;1.266;5099.1;"no"
28;"blue-collar";"single";"basic.9y";"unknown";"no";"no";"cellular";"may";"thu";884;3;999;1;"failure";-1.8;92.893;-46.2;1.266;5099.1;"yes"
29;"technician";"single";"high.school";"unknown";"yes";"no";"cellular";"may";"thu";410;5;999;0;"nonexistent";-1.8;92.893;-46.2;1.266;5099.1;"no"
28;"services";"single";"professional.course";"no";"no";"no";"telephone";"may";"thu";210;2;999;0;"nonexistent";-1.8;92.893;-46.2;1.266;5099.1;"no"
23;"technician";"single";"high.school";"no";"no";"no";"cellular";"may";"thu";198;2;999;1;"failure";-1.8;92.893;-46.2;1.266;5099.1;"no"
30;"admin.";"single";"university.degree";"no";"yes";"no";"cellular";"may";"thu";241;2;999;1;"failure";-1.8;92.893;-46.2;1.266;5099.1;"no"
47;"blue-collar";"divorced";"basic.9y";"no";"no";"no";"cellular";"may";"thu";16;8;6;2;"failure";-1.8;92.893;-46.2;1.266;5099.1;"no"
29;"admin.";"single";"basic.9y";"unknown";"no";"no";"cellular";"may";"thu";460;2;999;0;"nonexistent";-1.8;92.893;-46.2;1.266;5099.1;"yes"
37;"blue-collar";"divorced";"basic.9y";"no";"yes";"no";"telephone";"may";"thu";604;4;999;0;"nonexistent";-1.8;92.893;-46.2;1.266;5099.1;"yes"
39;"management";"married";"basic.4y";"unknown";"yes";"no";"telephone";"may";"thu";427;2;999;1;"failure";-1.8;92.893;-46.2;1.266;5099.1;"no"
45;"entrepreneur";"divorced";"university.degree";"no";"yes";"yes";"telephone";"may";"thu";72;2;999;0;"nonexistent";-1.8;92.893;-46.2;1.266;5099.1;"no"
33;"admin.";"married";"high.school";"no";"no";"no";"cellular";"may";"thu";350;2;999;0;"nonexistent";-1.8;92.893;-46.2;1.266;5099.1;"no"
29;"blue-collar";"married";"basic.6y";"no";"no";"yes";"cellular";"may";"thu";93;3;999;0;"nonexistent";-1.8;92.893;-46.2;1.266;5099.1;"no"
30;"admin.";"single";"university.degree";"no";"yes";"yes";"cellular";"may";"thu";176;2;999;1;"failure";-1.8;92.893;-46.2;1.266;5099.1;"no"
24;"admin.";"married";"high.school";"no";"yes";"no";"cellular";"may";"thu";118;4;999;1;"failure";-1.8;92.893;-46.2;1.266;5099.1;"no"
39;"admin.";"single";"high.school";"no";"no";"no";"cellular";"may";"thu";387;10;999;0;"nonexistent";-1.8;92.893;-46.2;1.266;5099.1;"no"
48;"services";"single";"basic.4y";"unknown";"yes";"yes";"cellular";"may";"thu";106;2;999;0;"nonexistent";-1.8;92.893;-46.2;1.266;5099.1;"no"
37;"technician";"single";"university.degree";"no";"no";"no";"cellular";"may";"thu";336;2;999;1;"failure";-1.8;92.893;-46.2;1.266;5099.1;"no"
32;"blue-collar";"single";"high.school";"no";"yes";"no";"cellular";"may";"thu";205;3;999;0;"nonexistent";-1.8;92.893;-46.2;1.266;5099.1;"no"
43;"blue-collar";"married";"basic.4y";"no";"yes";"no";"cellular";"may";"thu";135;3;999;1;"failure";-1.8;92.893;-46.2;1.266;5099.1;"no"
29;"blue-collar";"single";"basic.4y";"unknown";"yes";"no";"telephone";"may";"thu";42;3;999;0;"nonexistent";-1.8;92.893;-46.2;1.266;5099.1;"no"
42;"blue-collar";"married";"unknown";"unknown";"no";"yes";"cellular";"may";"thu";428;3;999;1;"failure";-1.8;92.893;-46.2;1.266;5099.1;"no"
23;"technician";"single";"high.school";"no";"yes";"no";"cellular";"may";"thu";240;3;999;0;"nonexistent";-1.8;92.893;-46.2;1.266;5099.1;"no"
60;"retired";"married";"high.school";"no";"no";"no";"cellular";"may";"thu";512;3;999;0;"nonexistent";-1.8;92.893;-46.2;1.266;5099.1;"no"
36;"entrepreneur";"single";"basic.9y";"unknown";"yes";"yes";"cellular";"may";"thu";75;3;999;0;"nonexistent";-1.8;92.893;-46.2;1.266;5099.1;"no"
26;"blue-collar";"single";"basic.9y";"unknown";"yes";"no";"cellular";"may";"thu";88;4;999;0;"nonexistent";-1.8;92.893;-46.2;1.266;5099.1;"no"
30;"services";"single";"high.school";"no";"yes";"no";"cellular";"may";"thu";41;2;999;0;"nonexistent";-1.8;92.893;-46.2;1.266;5099.1;"no"
31;"blue-collar";"married";"basic.6y";"unknown";"yes";"no";"telephone";"may";"thu";27;3;999;0;"nonexistent";-1.8;92.893;-46.2;1.266;5099.1;"no"
30;"technician";"married";"basic.9y";"no";"yes";"no";"cellular";"may";"thu";181;4;999;0;"nonexistent";-1.8;92.893;-46.2;1.266;5099.1;"no"
38;"technician";"single";"professional.course";"no";"yes";"no";"cellular";"may";"thu";306;4;999;0;"nonexistent";-1.8;92.893;-46.2;1.266;5099.1;"no"
29;"admin.";"divorced";"university.degree";"no";"no";"no";"telephone";"may";"thu";90;3;999;0;"nonexistent";-1.8;92.893;-46.2;1.266;5099.1;"no"
38;"blue-collar";"married";"basic.6y";"no";"yes";"no";"cellular";"may";"thu";15;9;999;0;"nonexistent";-1.8;92.893;-46.2;1.266;5099.1;"no"
38;"entrepreneur";"married";"university.degree";"no";"no";"no";"cellular";"may";"thu";136;2;999;1;"failure";-1.8;92.893;-46.2;1.266;5099.1;"no"
46;"blue-collar";"married";"basic.4y";"no";"no";"no";"cellular";"may";"thu";154;2;12;1;"success";-1.8;92.893;-46.2;1.266;5099.1;"no"
43;"blue-collar";"married";"basic.4y";"no";"yes";"no";"cellular";"may";"thu";305;3;999;0;"nonexistent";-1.8;92.893;-46.2;1.266;5099.1;"no"
40;"management";"married";"university.degree";"unknown";"no";"no";"cellular";"may";"thu";190;2;999;0;"nonexistent";-1.8;92.893;-46.2;1.266;5099.1;"no"
29;"blue-collar";"married";"basic.9y";"no";"no";"no";"telephone";"may";"thu";47;4;999;0;"nonexistent";-1.8;92.893;-46.2;1.266;5099.1;"no"
31;"technician";"married";"university.degree";"no";"yes";"yes";"cellular";"may";"thu";172;2;999;1;"failure";-1.8;92.893;-46.2;1.266;5099.1;"no"
39;"blue-collar";"divorced";"basic.9y";"no";"yes";"no";"cellular";"may";"thu";170;7;999;0;"nonexistent";-1.8;92.893;-46.2;1.266;5099.1;"no"
36;"blue-collar";"married";"basic.9y";"no";"no";"no";"cellular";"may";"thu";204;5;999;0;"nonexistent";-1.8;92.893;-46.2;1.266;5099.1;"no"
26;"technician";"single";"professional.course";"no";"yes";"no";"cellular";"may";"thu";294;2;999;0;"nonexistent";-1.8;92.893;-46.2;1.266;5099.1;"no"
27;"self-employed";"single";"university.degree";"no";"no";"no";"cellular";"may";"thu";367;2;999;0;"nonexistent";-1.8;92.893;-46.2;1.266;5099.1;"no"
25;"admin.";"single";"high.school";"no";"yes";"no";"cellular";"may";"thu";173;6;999;1;"failure";-1.8;92.893;-46.2;1.266;5099.1;"no"
29;"technician";"single";"high.school";"no";"no";"no";"cellular";"may";"thu";62;4;999;1;"failure";-1.8;92.893;-46.2;1.266;5099.1;"no"
33;"blue-collar";"married";"basic.9y";"unknown";"no";"yes";"telephone";"may";"thu";113;3;999;0;"nonexistent";-1.8;92.893;-46.2;1.266;5099.1;"no"
27;"blue-collar";"married";"high.school";"no";"no";"no";"cellular";"may";"thu";136;5;999;1;"failure";-1.8;92.893;-46.2;1.266;5099.1;"no"
44;"technician";"married";"professional.course";"no";"yes";"yes";"cellular";"may";"thu";292;3;999;0;"nonexistent";-1.8;92.893;-46.2;1.266;5099.1;"no"
32;"blue-collar";"married";"basic.4y";"no";"no";"yes";"cellular";"may";"thu";80;4;999;0;"nonexistent";-1.8;92.893;-46.2;1.266;5099.1;"no"
33;"technician";"married";"high.school";"no";"yes";"no";"cellular";"may";"thu";90;5;999;0;"nonexistent";-1.8;92.893;-46.2;1.266;5099.1;"no"
34;"blue-collar";"married";"high.school";"no";"no";"no";"cellular";"may";"thu";144;3;999;1;"failure";-1.8;92.893;-46.2;1.266;5099.1;"no"
24;"management";"married";"university.degree";"no";"no";"no";"telephone";"may";"thu";28;5;999;0;"nonexistent";-1.8;92.893;-46.2;1.266;5099.1;"no"
33;"blue-collar";"married";"basic.9y";"no";"no";"yes";"cellular";"may";"thu";178;7;999;0;"nonexistent";-1.8;92.893;-46.2;1.266;5099.1;"no"
48;"services";"single";"basic.4y";"unknown";"yes";"yes";"cellular";"may";"thu";306;2;999;0;"nonexistent";-1.8;92.893;-46.2;1.266;5099.1;"no"
28;"admin.";"married";"high.school";"no";"no";"yes";"cellular";"may";"thu";386;4;999;0;"nonexistent";-1.8;92.893;-46.2;1.266;5099.1;"no"
36;"unemployed";"married";"basic.9y";"unknown";"yes";"yes";"cellular";"may";"thu";114;2;999;0;"nonexistent";-1.8;92.893;-46.2;1.266;5099.1;"no"
43;"blue-collar";"married";"basic.4y";"no";"yes";"no";"cellular";"may";"thu";493;5;999;0;"nonexistent";-1.8;92.893;-46.2;1.266;5099.1;"no"